Id,País de origem,País de destino,Ano,Quantidade (kg/L),Valor em US$,Population Qt
1,Brasil,Afeganistão,2007,0,0,11282.308000000008
2,Brasil,África do Sul,2007,0,0,31704.650000000005
3,Brasil,"Alemanha, República Democrática",2007,119512,238052,
4,Brasil,Angola,2007,25931,49753,9979.686000000003
5,Brasil,Anguilla,2007,0,0,8.937999999999997
6,Brasil,Antígua e Barbuda,2007,0,0,
7,Brasil,Antilhas Holandesas,2007,17025,17949,
8,Brasil,Argentina,2007,0,0,27243.266499999983
9,Brasil,Aruba,2007,0,0,72.20850000000003
10,Brasil,Austrália,2007,60,281,15933.056499999995
11,Brasil,Áustria,2007,0,0,6709.080499999998
12,Brasil,Bahamas,2007,0,0,240.49749999999992
13,Brasil,Bangladesh,2007,0,0,85094.98800000001
14,Brasil,Barbados,2007,0,0,204.2995
15,Brasil,Barein,2007,0,0,763.0329999999998
16,Brasil,Bélgica,2007,1077,3751,8456.3675
17,Brasil,Belice,2007,0,0,167.15799999999996
18,Brasil,Benin,2007,0,0,4254.152999999999
19,Brasil,Bolívia,2007,4985,3550,5576.1845
20,Brasil,Bósnia-Herzegovina,2007,0,0,3197.7874999999995
21,Brasil,Brasil,2007,0,0,130440.0735
22,Brasil,Bulgária,2007,0,0,6399.9965
23,Brasil,Cabo Verde,2007,0,0,291.1005
24,Brasil,Camarões,2007,0,0,8942.478999999994
25,Brasil,Canadá,2007,4172,18838,25891.177999999996
26,Brasil,Catar,2007,0,0,1008.5515000000005
27,Brasil,"Cayman, Ilhas",2007,0,0,38.69250000000001
28,Brasil,Chile,2007,60930,67353,11856.1565
29,Brasil,China,2007,7638,30390,998693.1855000003
30,Brasil,Chipre,2007,0,0,820.4474999999999
31,Brasil,Cingapura,2007,7270,17864,3696.2425
32,Brasil,"Cocos (Keeling), Ilhas",2007,0,0,
33,Brasil,Colômbia,2007,0,0,28196.9475
34,Brasil,Comores,2007,0,0,303.9579999999999
35,Brasil,Congo,2007,0,0,2087.7010000000005
36,Brasil,"Coreia, Republica Sul",2007,1012,4650,37483.23400000002
37,Brasil,Costa do Marfim,2007,0,0,9636.9105
38,Brasil,Costa Rica,2007,0,0,3024.2229999999995
39,Brasil,Croácia,2007,0,0,3561.3449999999993
40,Brasil,Cuba,2007,2669,5118,8680.784000000001
41,Brasil,Curaçao,2007,0,0,110.27600000000008
42,Brasil,Dinamarca,2007,3480,11176,4263.6505
43,Brasil,Dominica,2007,0,0,47.342500000000015
44,Brasil,El Salvador,2007,0,0,3596.459000000001
45,Brasil,Emirados Arabes Unidos,2007,0,0,4657.0019999999995
46,Brasil,Equador,2007,2700,3585,8755.684000000001
47,Brasil,"Eslovaca, Republica",2007,0,0,4283.985
48,Brasil,Espanha,2007,0,0,37291.83750000001
49,Brasil,Estados Unidos,2007,479269,810038,228021.69750000007
50,Brasil,Estônia,2007,77697,54056,1086.6640000000002
51,Brasil,Filipinas,2007,0,0,51726.02299999999
52,Brasil,Finlândia,2007,0,0,4190.844499999999
53,Brasil,França,2007,6349,11231,47797.322499999995
54,Brasil,Gana,2007,0,0,12715.939000000004
55,Brasil,Gibraltar,2007,0,0,23.3715
56,Brasil,Granada,2007,0,0,
57,Brasil,Grécia,2007,0,0,9166.885499999999
58,Brasil,Guatemala,2007,0,0,7137.950499999999
59,Brasil,Guiana,2007,0,0,
60,Brasil,Guiana Francesa,2007,0,0,
61,Brasil,Guine Bissau,2007,0,0,720.366
62,Brasil,Guine Equatorial,2007,0,0,511.08000000000004
63,Brasil,Haiti,2007,0,0,5260.783999999997
64,Brasil,Honduras,2007,0,0,4248.804499999999
65,Brasil,Hong Kong,2007,0,0,
66,Brasil,Hungria,2007,0,0,8148.6735
67,Brasil,Ilha de Man,2007,0,0,
68,Brasil,Ilhas Virgens,2007,0,0,
69,Brasil,India,2007,0,0,733793.1900000004
70,Brasil,Indonésia,2007,0,0,
71,Brasil,Irã,2007,0,0,50116.298999999985
72,Brasil,Iraque,2007,0,0,14697.399499999998
73,Brasil,Irlanda,2007,0,0,3302.6949999999993
74,Brasil,Itália,2007,7209,19860,48741.061499999996
75,Brasil,Jamaica,2007,0,0,1747.1359999999997
76,Brasil,Japão,2007,357943,316867,107135.621
77,Brasil,Jordânia,2007,0,0,3603.5865000000003
78,Brasil,Letônia,2007,0,0,1776.595999999999
79,Brasil,Líbano,2007,0,0,3206.683
80,Brasil,Libéria,2007,0,0,1844.8195000000003
81,Brasil,Luxemburgo,2007,785,2033,
82,Brasil,Malásia,2007,0,0,17292.1855
83,Brasil,Malta,2007,0,0,329.9515000000001
84,Brasil,"Marshall, Ilhas",2007,0,0,29.156000000000017
85,Brasil,Mauritânia,2007,0,0,1565.6990000000005
86,Brasil,México,2007,2453,15425,67979.64950000001
87,Brasil,Moçambique,2007,0,0,
88,Brasil,Montenegro,2007,0,0,478.5515000000002
89,Brasil,Namibia,2007,0,0,1084.5459999999991
90,Brasil,Nicaragua,2007,0,0,3176.7230000000004
91,Brasil,Nigéria,2007,0,0,73803.03800000003
92,Brasil,Noruega,2007,10044,10044,3611.8165
93,Brasil,Nova Caledônia,2007,0,0,168.22399999999993
94,Brasil,Nova Zelândia,2007,0,0,3136.8930000000014
95,Brasil,Omã,2007,0,0,1641.8639999999998
96,Brasil,Países Baixos,2007,181046,364751,12843.402999999995
97,Brasil,Panamá,2007,810,1030,2212.6370000000015
98,Brasil,Paraguai,2007,1285459,801519,3266.697
99,Brasil,Peru,2007,0,0,17997.125500000002
100,Brasil,Polônia,2007,0,0,30870.528
101,Brasil,Porto Rico,2007,0,0,2806.2599999999998
102,Brasil,Portugal,2007,109074,165282,8567.198499999995
103,Brasil,Quênia,2007,10600,13860,18760.010499999997
104,Brasil,Reino Unido,2007,84613,144244,47968.71300000002
105,Brasil,República Dominicana,2007,601,2438,5805.612499999997
106,Brasil,Rússia,2007,266400,173160,115786.83749999998
107,Brasil,São Tomé e Príncipe,2007,0,0,86.97550000000001
108,Brasil,São Vicente e Granadinas,2007,0,0,73.7975
109,Brasil,Senegal,2007,0,0,5775.3285000000005
110,Brasil,Serra Leoa,2007,0,0,2960.454499999999
111,Brasil,Singapura,2007,0,0,
112,Brasil,Suazilândia,2007,0,0,
113,Brasil,Suécia,2007,919,2448,7230.835999999999
114,Brasil,Suíça,2007,26090,70716,6090.081500000002
115,Brasil,Suriname,2007,2700,4603,339.7450000000002
116,Brasil,Tailândia,2007,839,2020,50089.482500000006
117,Brasil,Taiwan (FORMOSA),2007,6377,11214,
118,Brasil,Tanzânia,2007,0,0,20342.743
119,Brasil,"Tcheca, República",2007,85303,189620,8475.309000000001
120,Brasil,Togo,2007,11,11,3112.5045
121,Brasil,Trinidade Tobago,2007,0,0,1019.3899999999995
122,Brasil,Tunísia,2007,0,0,7321.689000000001
123,Brasil,Turquia,2007,0,0,
124,Brasil,Tuvalu,2007,0,0,6.1010000000000035
125,Brasil,Uruguai,2007,0,0,2401.0150000000003
126,Brasil,Vanuatu,2007,0,0,121.88799999999999
127,Brasil,Venezuela,2007,20700,27370,17343.8555
128,Brasil,Vietnã,2007,0,0,
1,Brasil,Afeganistão,2008,0,0,11418.965
2,Brasil,África do Sul,2008,0,0,32351.665
3,Brasil,"Alemanha, República Democrática",2008,265742,429970,
4,Brasil,Angola,2008,25721,71083,10367.2575
5,Brasil,Anguilla,2008,0,0,9.134
6,Brasil,Antígua e Barbuda,2008,0,0,
7,Brasil,Antilhas Holandesas,2008,17938,22908,
8,Brasil,Argentina,2008,0,0,27625.629499999995
9,Brasil,Aruba,2008,0,0,73.08999999999997
10,Brasil,Austrália,2008,218726,99280,16292.316999999997
11,Brasil,Áustria,2008,0,0,6751.2155
12,Brasil,Bahamas,2008,0,0,244.85599999999997
13,Brasil,Bangladesh,2008,0,0,86430.71499999997
14,Brasil,Barbados,2008,0,0,205.68849999999995
15,Brasil,Barein,2008,0,0,827.2900000000004
16,Brasil,Bélgica,2008,3523,12969,8521.742999999997
17,Brasil,Belice,2008,0,0,173.4065
18,Brasil,Benin,2008,10350,17423,4392.955499999999
19,Brasil,Bolívia,2008,3979,3990,5714.4209999999985
20,Brasil,Bósnia-Herzegovina,2008,0,0,3157.905
21,Brasil,Brasil,2008,0,0,132826.88050000006
22,Brasil,Bulgária,2008,0,0,6380.180999999998
23,Brasil,Cabo Verde,2008,0,0,299.80400000000003
24,Brasil,Camarões,2008,0,0,9229.967000000002
25,Brasil,Canadá,2008,20949,80476,26264.423
26,Brasil,Catar,2008,0,0,1201.7135000000003
27,Brasil,"Cayman, Ilhas",2008,0,0,39.94749999999999
28,Brasil,Chile,2008,0,0,12072.708000000004
29,Brasil,China,2008,8689,25926,1016207.0765
30,Brasil,Chipre,2008,0,0,843.0369999999998
31,Brasil,Cingapura,2008,1233,4699,3863.2679999999996
32,Brasil,"Cocos (Keeling), Ilhas",2008,0,0,
33,Brasil,Colômbia,2008,0,0,28812.788000000008
34,Brasil,Comores,2008,0,0,313.95249999999993
35,Brasil,Congo,2008,0,0,2161.3614999999995
36,Brasil,"Coreia, Republica Sul",2008,3520,14366,37852.46350000001
37,Brasil,Costa do Marfim,2008,0,0,9897.309499999998
38,Brasil,Costa Rica,2008,55,200,3095.2270000000008
39,Brasil,Croácia,2008,0,0,3560.1995
40,Brasil,Cuba,2008,0,0,8744.794999999998
41,Brasil,Curaçao,2008,0,0,112.4735
42,Brasil,Dinamarca,2008,518,15905,4285.158500000001
43,Brasil,Dominica,2008,0,0,47.787000000000006
44,Brasil,El Salvador,2008,0,0,3639.8845
45,Brasil,Emirados Arabes Unidos,2008,2437,12298,5619.664999999998
46,Brasil,Equador,2008,0,0,8976.662999999997
47,Brasil,"Eslovaca, Republica",2008,585,16063,4309.759499999997
48,Brasil,Espanha,2008,2942,6834,37854.29600000001
49,Brasil,Estados Unidos,2008,443895,804607,230816.16150000007
50,Brasil,Estônia,2008,4114,9730,1087.8355000000001
51,Brasil,Filipinas,2008,0,0,53128.76450000002
52,Brasil,Finlândia,2008,0,0,4219.5785
53,Brasil,França,2008,11078,27500,48151.235
54,Brasil,Gana,2008,18168,25642,13130.957499999995
55,Brasil,Gibraltar,2008,0,0,23.677999999999994
56,Brasil,Granada,2008,0,0,
57,Brasil,Grécia,2008,0,0,9147.272500000001
58,Brasil,Guatemala,2008,0,0,7363.829499999996
59,Brasil,Guiana,2008,0,0,
60,Brasil,Guiana Francesa,2008,0,0,
61,Brasil,Guine Bissau,2008,0,0,740.4839999999997
62,Brasil,Guine Equatorial,2008,548,1417,540.9179999999998
63,Brasil,Haiti,2008,20,20,5396.8560000000025
64,Brasil,Honduras,2008,162,580,4391.572500000001
65,Brasil,Hong Kong,2008,2430,13460,
66,Brasil,Hungria,2008,0,0,8155.988500000001
67,Brasil,Ilha de Man,2008,0,0,
68,Brasil,Ilhas Virgens,2008,0,0,
69,Brasil,India,2008,0,0,749904.5655000001
70,Brasil,Indonésia,2008,0,0,
71,Brasil,Irã,2008,0,0,51605.907
72,Brasil,Iraque,2008,0,0,15049.612499999997
73,Brasil,Irlanda,2008,0,0,3369.1930000000007
74,Brasil,Itália,2008,0,0,49125.50249999997
75,Brasil,Jamaica,2008,0,0,1772.8819999999992
76,Brasil,Japão,2008,232293,178333,107312.97050000002
77,Brasil,Jordânia,2008,0,0,3714.7104999999974
78,Brasil,Letônia,2008,0,0,1762.5465
79,Brasil,Líbano,2008,0,0,3294.8829999999994
80,Brasil,Libéria,2008,0,0,1919.1964999999993
81,Brasil,Luxemburgo,2008,13606,42341,
82,Brasil,Malásia,2008,0,0,17864.934
83,Brasil,Malta,2008,0,0,333.16849999999977
84,Brasil,"Marshall, Ilhas",2008,0,0,29.339000000000027
85,Brasil,Mauritânia,2008,0,0,1610.0785000000003
86,Brasil,México,2008,0,0,69386.72700000003
87,Brasil,Moçambique,2008,0,0,
88,Brasil,Montenegro,2008,0,0,479.81000000000006
89,Brasil,Namibia,2008,340,722,1110.4660000000001
90,Brasil,Nicaragua,2008,0,0,3258.196
91,Brasil,Nigéria,2008,7560,10920,75672.61049999997
92,Brasil,Noruega,2008,0,0,3667.147999999999
93,Brasil,Nova Caledônia,2008,0,0,172.03900000000004
94,Brasil,Nova Zelândia,2008,0,0,3172.8875000000016
95,Brasil,Omã,2008,0,0,1704.3904999999997
96,Brasil,Países Baixos,2008,340412,783635,12926.339499999998
97,Brasil,Panamá,2008,1161,1882,2266.109
98,Brasil,Paraguai,2008,2191901,1374088,3336.8259999999996
99,Brasil,Peru,2008,0,0,18279.585
100,Brasil,Polônia,2008,20290,58353,31013.2675
101,Brasil,Porto Rico,2008,0,0,2812.874999999999
102,Brasil,Portugal,2008,49090,48942,8595.995
103,Brasil,Quênia,2008,0,0,19431.911499999995
104,Brasil,Reino Unido,2008,100097,155076,48420.581500000015
105,Brasil,República Dominicana,2008,0,0,5927.724
106,Brasil,Rússia,2008,6207658,2352768,116302.87750000002
107,Brasil,São Tomé e Príncipe,2008,0,0,89.2385
108,Brasil,São Vicente e Granadinas,2008,0,0,74.11649999999997
109,Brasil,Senegal,2008,0,0,5941.469000000003
110,Brasil,Serra Leoa,2008,0,0,3041.9260000000013
111,Brasil,Singapura,2008,0,0,
112,Brasil,Suazilândia,2008,0,0,
113,Brasil,Suécia,2008,26984,84564,7300.421000000003
114,Brasil,Suíça,2008,54384,216317,6187.4805000000015
115,Brasil,Suriname,2008,900,1625,344.46600000000007
116,Brasil,Tailândia,2008,0,0,50779.81200000001
117,Brasil,Taiwan (FORMOSA),2008,10030,18679,
118,Brasil,Tanzânia,2008,0,0,20896.514500000016
119,Brasil,"Tcheca, República",2008,17135,64709,8525.582499999999
120,Brasil,Togo,2008,5160,7800,3211.4395000000013
121,Brasil,Trinidade Tobago,2008,0,0,1031.6874999999998
122,Brasil,Tunísia,2008,0,0,7452.278
123,Brasil,Turquia,2008,0,0,
124,Brasil,Tuvalu,2008,0,0,6.219000000000002
125,Brasil,Uruguai,2008,0,0,2414.9194999999995
126,Brasil,Vanuatu,2008,0,0,125.997
127,Brasil,Venezuela,2008,0,0,17720.050000000007
128,Brasil,Vietnã,2008,0,0,
1,Brasil,Afeganistão,2009,0,0,11949.083999999997
2,Brasil,África do Sul,2009,0,0,32990.15600000002
3,Brasil,"Alemanha, República Democrática",2009,225086,393482,
4,Brasil,Angola,2009,54786,84235,10768.773500000005
5,Brasil,Anguilla,2009,0,0,9.316000000000004
6,Brasil,Antígua e Barbuda,2009,0,0,
7,Brasil,Antilhas Holandesas,2009,8235,10651,
8,Brasil,Argentina,2009,162,4523,28025.212499999987
9,Brasil,Aruba,2009,0,0,73.96249999999999
10,Brasil,Austrália,2009,1014,9195,16650.840500000002
11,Brasil,Áustria,2009,0,0,6791.084000000003
12,Brasil,Bahamas,2009,0,0,249.2520000000001
13,Brasil,Bangladesh,2009,0,0,87812.21350000009
14,Brasil,Barbados,2009,0,0,207.11399999999992
15,Brasil,Barein,2009,0,0,891.2180000000001
16,Brasil,Bélgica,2009,125962,58764,8589.318
17,Brasil,Belice,2009,0,0,179.896
18,Brasil,Benin,2009,0,0,4537.816000000001
19,Brasil,Bolívia,2009,40463,20729,5856.198499999999
20,Brasil,Bósnia-Herzegovina,2009,0,0,3114.185000000001
21,Brasil,Brasil,2009,0,0,135161.1315000001
22,Brasil,Bulgária,2009,0,0,6355.620499999999
23,Brasil,Cabo Verde,2009,0,0,308.5085000000002
24,Brasil,Camarões,2009,0,0,9526.214000000002
25,Brasil,Canadá,2009,15664,73445,26649.137
26,Brasil,Catar,2009,0,0,1353.1309999999994
27,Brasil,"Cayman, Ilhas",2009,0,0,41.22250000000001
28,Brasil,Chile,2009,1475,4297,12293.236499999999
29,Brasil,China,2009,1553416,482400,1031521.7995000002
30,Brasil,Chipre,2009,0,0,866.1805
31,Brasil,Cingapura,2009,2419,6110,4037.906500000001
32,Brasil,"Cocos (Keeling), Ilhas",2009,0,0,
33,Brasil,Colômbia,2009,0,0,29435.37199999998
34,Brasil,Comores,2009,0,0,324.11800000000005
35,Brasil,Congo,2009,0,0,2259.3359999999993
36,Brasil,"Coreia, Republica Sul",2009,0,0,38244.44649999999
37,Brasil,Costa do Marfim,2009,0,0,10168.269000000002
38,Brasil,Costa Rica,2009,0,0,3164.9004999999997
39,Brasil,Croácia,2009,0,0,3558.0040000000004
40,Brasil,Cuba,2009,0,0,8802.244999999994
41,Brasil,Curaçao,2009,0,0,114.56649999999998
42,Brasil,Dinamarca,2009,1980,21780,4309.166499999999
43,Brasil,Dominica,2009,0,0,48.237
44,Brasil,El Salvador,2009,55,100,3687.211000000002
45,Brasil,Emirados Arabes Unidos,2009,1398,4032,6508.922499999999
46,Brasil,Equador,2009,0,0,9198.978999999998
47,Brasil,"Eslovaca, Republica",2009,0,0,4335.360999999999
48,Brasil,Espanha,2009,2181,4050,38142.53499999999
49,Brasil,Estados Unidos,2009,372319,660066,233591.27099999998
50,Brasil,Estônia,2009,5438,10802,1088.2264999999998
51,Brasil,Filipinas,2009,0,0,54618.77199999997
52,Brasil,Finlândia,2009,0,0,4248.823499999999
53,Brasil,França,2009,0,0,48483.96450000001
54,Brasil,Gana,2009,0,0,13545.297000000004
55,Brasil,Gibraltar,2009,0,0,24.0285
56,Brasil,Granada,2009,0,0,
57,Brasil,Grécia,2009,0,0,9123.423999999999
58,Brasil,Guatemala,2009,20,20,7592.554000000002
59,Brasil,Guiana,2009,0,0,
60,Brasil,Guiana Francesa,2009,0,0,
61,Brasil,Guine Bissau,2009,0,0,760.9444999999995
62,Brasil,Guine Equatorial,2009,169,272,571.5590000000002
63,Brasil,Haiti,2009,4500,5863,5532.731500000002
64,Brasil,Honduras,2009,14,30,4537.754500000001
65,Brasil,Hong Kong,2009,50319,27188,
66,Brasil,Hungria,2009,0,0,8168.107500000001
67,Brasil,Ilha de Man,2009,0,0,
68,Brasil,Ilhas Virgens,2009,0,0,
69,Brasil,India,2009,0,0,766046.9334999999
70,Brasil,Indonésia,2009,0,0,
71,Brasil,Irã,2009,0,0,53036.86299999997
72,Brasil,Iraque,2009,0,0,15681.038499999993
73,Brasil,Irlanda,2009,0,0,3395.5259999999994
74,Brasil,Itália,2009,1817,5251,49422.71500000001
75,Brasil,Jamaica,2009,0,0,1799.3269999999998
76,Brasil,Japão,2009,217974,283436,107457.18900000003
77,Brasil,Jordânia,2009,0,0,3819.6210000000015
78,Brasil,Letônia,2009,0,0,1749.4324999999994
79,Brasil,Líbano,2009,0,0,3372.082000000001
80,Brasil,Libéria,2009,0,0,1979.4845000000005
81,Brasil,Luxemburgo,2009,7845,42124,
82,Brasil,Malásia,2009,0,0,18448.322
83,Brasil,Malta,2009,0,0,336.7360000000001
84,Brasil,"Marshall, Ilhas",2009,0,0,29.374500000000022
85,Brasil,Mauritânia,2009,0,0,1659.0560000000005
86,Brasil,México,2009,0,0,70798.691
87,Brasil,Moçambique,2009,0,0,
88,Brasil,Montenegro,2009,0,0,480.9490000000002
89,Brasil,Namibia,2009,0,0,1139.0614999999998
90,Brasil,Nicaragua,2009,24,24,3342.9520000000025
91,Brasil,Nigéria,2009,41,115,77589.97699999994
92,Brasil,Noruega,2009,0,0,3722.752499999999
93,Brasil,Nova Caledônia,2009,0,0,176.04349999999997
94,Brasil,Nova Zelândia,2009,0,0,3212.126500000001
95,Brasil,Omã,2009,0,0,1765.2080000000005
96,Brasil,Países Baixos,2009,171654,136991,13015.649999999998
97,Brasil,Panamá,2009,24,30,2319.225
98,Brasil,Paraguai,2009,486927,392087,3408.9480000000012
99,Brasil,Peru,2009,0,0,18568.10750000001
100,Brasil,Polônia,2009,6982,35797,31159.639499999997
101,Brasil,Porto Rico,2009,0,0,2818.363999999998
102,Brasil,Portugal,2009,141000,168923,8623.619499999995
103,Brasil,Quênia,2009,0,0,20118.037500000002
104,Brasil,Reino Unido,2009,30092,68788,48888.47249999998
105,Brasil,República Dominicana,2009,0,0,6051.4625
106,Brasil,Rússia,2009,21912914,5732280,116689.63949999999
107,Brasil,São Tomé e Príncipe,2009,0,0,91.49550000000005
108,Brasil,São Vicente e Granadinas,2009,0,0,74.46749999999997
109,Brasil,Senegal,2009,0,0,6112.178999999998
110,Brasil,Serra Leoa,2009,0,0,3133.8040000000005
111,Brasil,Singapura,2009,0,0,
112,Brasil,Suazilândia,2009,0,0,
113,Brasil,Suécia,2009,28334,52826,7377.436500000002
114,Brasil,Suíça,2009,27653,81319,6284.128499999999
115,Brasil,Suriname,2009,3830,12918,349.26750000000015
116,Brasil,Tailândia,2009,0,0,51463.062499999985
117,Brasil,Taiwan (FORMOSA),2009,0,0,
118,Brasil,Tanzânia,2009,0,0,21432.646499999988
119,Brasil,"Tcheca, República",2009,9269,43902,8574.781499999996
120,Brasil,Togo,2009,0,0,3309.637499999999
121,Brasil,Trinidade Tobago,2009,0,0,1043.3579999999993
122,Brasil,Tunísia,2009,0,0,7580.9630000000025
123,Brasil,Turquia,2009,0,0,
124,Brasil,Tuvalu,2009,0,0,6.344999999999999
125,Brasil,Uruguai,2009,0,0,2429.242000000001
126,Brasil,Vanuatu,2009,0,0,130.20350000000005
127,Brasil,Venezuela,2009,0,0,18084.468999999997
128,Brasil,Vietnã,2009,743,2143,
1,Brasil,Afeganistão,2010,0,0,12360.161500000004
2,Brasil,África do Sul,2010,0,0,33635.14799999999
3,Brasil,"Alemanha, República Democrática",2010,27715,138666,
4,Brasil,Angola,2010,33557,189891,11188.943499999994
5,Brasil,Anguilla,2010,0,0,9.496999999999995
6,Brasil,Antígua e Barbuda,2010,0,0,
7,Brasil,Antilhas Holandesas,2010,9810,12808,
8,Brasil,Argentina,2010,0,0,28426.3805
9,Brasil,Aruba,2010,0,0,75.01100000000001
10,Brasil,Austrália,2010,1823,17960,16963.478499999987
11,Brasil,Áustria,2010,0,0,6829.933000000001
12,Brasil,Bahamas,2010,3175,12759,254.44549999999995
13,Brasil,Bangladesh,2010,0,0,89588.70499999996
14,Brasil,Barbados,2010,0,0,208.5585
15,Brasil,Barein,2010,0,0,921.5145000000002
16,Brasil,Bélgica,2010,42532,185411,8657.906499999997
17,Brasil,Belice,2010,0,0,186.69300000000007
18,Brasil,Benin,2010,0,0,4687.3330000000005
19,Brasil,Bolívia,2010,54,282,6000.392000000003
20,Brasil,Bósnia-Herzegovina,2010,0,0,3065.383
21,Brasil,Brasil,2010,0,0,137457.76600000003
22,Brasil,Bulgária,2010,0,0,6323.796500000002
23,Brasil,Cabo Verde,2010,11991,49366,316.8715
24,Brasil,Camarões,2010,0,0,9830.6775
25,Brasil,Canadá,2010,0,0,27021.679500000017
26,Brasil,Catar,2010,0,0,1444.282500000001
27,Brasil,"Cayman, Ilhas",2010,0,0,42.47800000000001
28,Brasil,Chile,2010,0,0,12508.488500000001
29,Brasil,China,2010,795,2358,1043506.2485000002
30,Brasil,Chipre,2010,0,0,889.3744999999999
31,Brasil,Cingapura,2010,1533,5504,4200.052500000001
32,Brasil,"Cocos (Keeling), Ilhas",2010,0,0,
33,Brasil,Colômbia,2010,0,0,30069.3935
34,Brasil,Comores,2010,0,0,334.46500000000003
35,Brasil,Congo,2010,0,0,2363.7684999999997
36,Brasil,"Coreia, Republica Sul",2010,0,0,38683.41750000002
37,Brasil,Costa do Marfim,2010,0,0,10448.781499999996
38,Brasil,Costa Rica,2010,0,0,3232.9030000000002
39,Brasil,Croácia,2010,0,0,3553.187999999999
40,Brasil,Cuba,2010,0,0,8849.358500000004
41,Brasil,Curaçao,2010,0,0,116.64749999999998
42,Brasil,Dinamarca,2010,7034,69161,4336.322500000001
43,Brasil,Dominica,2010,0,0,48.693500000000014
44,Brasil,El Salvador,2010,0,0,3738.3230000000012
45,Brasil,Emirados Arabes Unidos,2010,1035,3206,6945.111000000002
46,Brasil,Equador,2010,0,0,9422.218
47,Brasil,"Eslovaca, Republica",2010,0,0,4357.693500000004
48,Brasil,Espanha,2010,0,0,38286.036
49,Brasil,Estados Unidos,2010,228968,478630,236301.81
50,Brasil,Estônia,2010,15848,40778,1086.8154999999997
51,Brasil,Filipinas,2010,0,0,56085.38950000002
52,Brasil,Finlândia,2010,0,0,4276.906999999997
53,Brasil,França,2010,3614,18904,48787.8955
54,Brasil,Gana,2010,0,0,13946.697499999987
55,Brasil,Gibraltar,2010,0,0,24.41499999999999
56,Brasil,Granada,2010,0,0,
57,Brasil,Grécia,2010,0,0,9099.471
58,Brasil,Guatemala,2010,0,0,7829.055000000004
59,Brasil,Guiana,2010,783,3654,
60,Brasil,Guiana Francesa,2010,0,0,
61,Brasil,Guine Bissau,2010,0,0,782.4570000000001
62,Brasil,Guine Equatorial,2010,410,1015,602.6950000000002
63,Brasil,Haiti,2010,2700,3750,5640.582499999999
64,Brasil,Honduras,2010,0,0,4687.6545
65,Brasil,Hong Kong,2010,0,0,
66,Brasil,Hungria,2010,540,4103,8174.436500000001
67,Brasil,Ilha de Man,2010,0,0,
68,Brasil,Ilhas Virgens,2010,0,0,
69,Brasil,India,2010,0,0,782511.9955000002
70,Brasil,Indonésia,2010,0,0,
71,Brasil,Irã,2010,0,0,54420.0535
72,Brasil,Iraque,2010,0,0,16269.445499999994
73,Brasil,Irlanda,2010,3969,42795,3402.0300000000007
74,Brasil,Itália,2010,1458,4828,49670.996999999996
75,Brasil,Jamaica,2010,0,0,1828.871
76,Brasil,Japão,2010,112178,74628,107566.00399999999
77,Brasil,Jordânia,2010,0,0,3929.968499999999
78,Brasil,Letônia,2010,0,0,1735.4414999999992
79,Brasil,Líbano,2010,0,0,3433.4300000000007
80,Brasil,Libéria,2010,0,0,2035.2939999999999
81,Brasil,Luxemburgo,2010,7344,32549,
82,Brasil,Malásia,2010,0,0,19006.25000000001
83,Brasil,Malta,2010,0,0,341.2660000000002
84,Brasil,"Marshall, Ilhas",2010,0,0,29.223000000000006
85,Brasil,Mauritânia,2010,0,0,1707.8374999999999
86,Brasil,México,2010,0,0,72295.65199999999
87,Brasil,Moçambique,2010,0,0,
88,Brasil,Montenegro,2010,0,0,482.196
89,Brasil,Namibia,2010,0,0,1167.9535000000008
90,Brasil,Nicaragua,2010,0,0,3430.246500000001
91,Brasil,Nigéria,2010,0,0,79597.85199999994
92,Brasil,Noruega,2010,0,0,3777.848499999999
93,Brasil,Nova Caledônia,2010,0,0,180.41050000000004
94,Brasil,Nova Zelândia,2010,0,0,3251.297999999999
95,Brasil,Omã,2010,0,0,1951.5170000000003
96,Brasil,Países Baixos,2010,87368,302182,13108.120499999997
97,Brasil,Panamá,2010,0,0,2371.9855000000007
98,Brasil,Paraguai,2010,510989,449197,3486.6019999999994
99,Brasil,Peru,2010,0,0,18854.171499999997
100,Brasil,Polônia,2010,20464,95198,31298.222999999994
101,Brasil,Porto Rico,2010,0,0,2822.8394999999996
102,Brasil,Portugal,2010,4577,18970,8644.8425
103,Brasil,Quênia,2010,0,0,20799.0795
104,Brasil,Reino Unido,2010,123624,295690,49353.59099999999
105,Brasil,República Dominicana,2010,0,0,6176.088500000002
106,Brasil,Rússia,2010,0,0,116888.93699999998
107,Brasil,São Tomé e Príncipe,2010,0,0,93.72499999999997
108,Brasil,São Vicente e Granadinas,2010,0,0,74.8275
109,Brasil,Senegal,2010,0,0,6286.669500000001
110,Brasil,Serra Leoa,2010,0,0,3232.0889999999986
111,Brasil,Singapura,2010,0,0,
112,Brasil,Suazilândia,2010,0,0,
113,Brasil,Suécia,2010,0,0,7457.567
114,Brasil,Suíça,2010,2025,21600,6370.723
115,Brasil,Suriname,2010,1836,1269,354.099
116,Brasil,Tailândia,2010,0,0,52114.918000000005
117,Brasil,Taiwan (FORMOSA),2010,0,0,
118,Brasil,Tanzânia,2010,0,0,21999.183500000006
119,Brasil,"Tcheca, República",2010,1091,5285,8618.995499999999
120,Brasil,Togo,2010,0,0,3403.0450000000014
121,Brasil,Trinidade Tobago,2010,0,0,1054.9105
122,Brasil,Tunísia,2010,0,0,7706.350499999999
123,Brasil,Turquia,2010,0,0,
124,Brasil,Tuvalu,2010,0,0,6.467499999999999
125,Brasil,Uruguai,2010,914,2929,2444.4925000000003
126,Brasil,Vanuatu,2010,0,0,134.0315
127,Brasil,Venezuela,2010,0,0,18443.814000000002
128,Brasil,Vietnã,2010,8820,9977,
1,Brasil,Afeganistão,2011,0,0,13001.299500000001
2,Brasil,África do Sul,2011,0,0,34278.07999999999
3,Brasil,"Alemanha, República Democrática",2011,36070,144150,
4,Brasil,Angola,2011,13889,69001,11627.697999999995
5,Brasil,Anguilla,2011,0,0,9.650000000000004
6,Brasil,Antígua e Barbuda,2011,0,0,
7,Brasil,Antilhas Holandesas,2011,7335,10188,
8,Brasil,Argentina,2011,13253,55460,28831.082499999993
9,Brasil,Aruba,2011,900,1680,76.28900000000002
10,Brasil,Austrália,2011,3632,40704,17254.281000000003
11,Brasil,Áustria,2011,0,0,6874.5855
12,Brasil,Bahamas,2011,4529,28810,260.26199999999994
13,Brasil,Bangladesh,2011,0,0,91552.5975
14,Brasil,Barbados,2011,0,0,209.89600000000004
15,Brasil,Barein,2011,0,0,919.481
16,Brasil,Bélgica,2011,11802,62339,8724.899
17,Brasil,Belice,2011,0,0,193.7175
18,Brasil,Benin,2011,0,0,4841.4785
19,Brasil,Bolívia,2011,12775,20215,6146.286999999998
20,Brasil,Bósnia-Herzegovina,2011,0,0,3009.5919999999983
21,Brasil,Brasil,2011,0,0,139740.29149999988
22,Brasil,Bulgária,2011,0,0,6286.778499999999
23,Brasil,Cabo Verde,2011,600,825,325.051
24,Brasil,Camarões,2011,0,0,10141.100000000006
25,Brasil,Canadá,2011,28906,128076,27382.499499999994
26,Brasil,Catar,2011,0,0,1513.762
27,Brasil,"Cayman, Ilhas",2011,0,0,43.612999999999985
28,Brasil,Chile,2011,0,0,12718.511499999997
29,Brasil,China,2011,54156,334867,1054238.5820000002
30,Brasil,Chipre,2011,0,0,908.2980000000005
31,Brasil,Cingapura,2011,911,3317,4322.746500000002
32,Brasil,"Cocos (Keeling), Ilhas",2011,0,0,
33,Brasil,Colômbia,2011,0,0,30702.880000000005
34,Brasil,Comores,2011,0,0,345.0115000000002
35,Brasil,Congo,2011,360,570,2436.1020000000017
36,Brasil,"Coreia, Republica Sul",2011,0,0,39284.03799999999
37,Brasil,Costa do Marfim,2011,0,0,10682.653999999999
38,Brasil,Costa Rica,2011,0,0,3299.8420000000015
39,Brasil,Croácia,2011,0,0,3545.420000000001
40,Brasil,Cuba,2011,2880,4899,8886.060500000001
41,Brasil,Curaçao,2011,0,0,118.90700000000005
42,Brasil,Dinamarca,2011,32797,83057,4367.358499999999
43,Brasil,Dominica,2011,0,0,49.132
44,Brasil,El Salvador,2011,0,0,3793.3429999999976
45,Brasil,Emirados Arabes Unidos,2011,2120,6594,7019.915999999997
46,Brasil,Equador,2011,0,0,9646.362000000003
47,Brasil,"Eslovaca, Republica",2011,0,0,4377.436499999998
48,Brasil,Espanha,2011,5206,24618,38395.359000000026
49,Brasil,Estados Unidos,2011,306787,1030254,238993.19800000006
50,Brasil,Estônia,2011,450,5336,1083.4579999999999
51,Brasil,Filipinas,2011,0,0,57510.85850000002
52,Brasil,Finlândia,2011,12404,50394,4305.139999999999
53,Brasil,França,2011,0,0,49054.04350000001
54,Brasil,Gana,2011,0,0,14338.354499999998
55,Brasil,Gibraltar,2011,0,0,24.789499999999997
56,Brasil,Granada,2011,0,0,
57,Brasil,Grécia,2011,0,0,9070.494
58,Brasil,Guatemala,2011,0,0,8075.509
59,Brasil,Guiana,2011,0,0,
60,Brasil,Guiana Francesa,2011,0,0,
61,Brasil,Guine Bissau,2011,0,0,805.2159999999999
62,Brasil,Guine Equatorial,2011,956,1979,633.5975000000003
63,Brasil,Haiti,2011,0,0,5746.910499999997
64,Brasil,Honduras,2011,0,0,4841.264000000001
65,Brasil,Hong Kong,2011,2063,7975,
66,Brasil,Hungria,2011,0,0,8162.297000000002
67,Brasil,Ilha de Man,2011,0,0,
68,Brasil,Ilhas Virgens,2011,0,0,
69,Brasil,India,2011,0,0,799264.7569999998
70,Brasil,Indonésia,2011,0,0,
71,Brasil,Irã,2011,0,0,55595.588500000034
72,Brasil,Iraque,2011,0,0,16923.608500000006
73,Brasil,Irlanda,2011,5376,35690,3405.814999999997
74,Brasil,Itália,2011,11999,80298,49884.189
75,Brasil,Jamaica,2011,0,0,1861.108
76,Brasil,Japão,2011,100835,144662,107596.113
77,Brasil,Jordânia,2011,0,0,4060.8970000000004
78,Brasil,Letônia,2011,0,0,1719.8534999999988
79,Brasil,Líbano,2011,0,0,3494.0769999999993
80,Brasil,Libéria,2011,0,0,2130.7479999999996
81,Brasil,Luxemburgo,2011,9547,65592,
82,Brasil,Malásia,2011,0,0,19538.222500000014
83,Brasil,Malta,2011,0,0,347.00050000000005
84,Brasil,"Marshall, Ilhas",2011,0,0,28.967500000000012
85,Brasil,Mauritânia,2011,0,0,1756.4609999999998
86,Brasil,México,2011,1350,7200,73904.57099999998
87,Brasil,Moçambique,2011,0,0,
88,Brasil,Montenegro,2011,0,0,484.35100000000017
89,Brasil,Namibia,2011,0,0,1196.52
90,Brasil,Nicaragua,2011,0,0,3519.2349999999997
91,Brasil,Nigéria,2011,54,210,81718.5775
92,Brasil,Noruega,2011,10268,78688,3837.1314999999995
93,Brasil,Nova Caledônia,2011,0,0,184.9655
94,Brasil,Nova Zelândia,2011,2587,7992,3284.0845000000004
95,Brasil,Omã,2011,0,0,2264.1525000000006
96,Brasil,Países Baixos,2011,125414,395356,13202.939500000002
97,Brasil,Panamá,2011,0,0,2424.931000000001
98,Brasil,Paraguai,2011,240168,276281,3570.1240000000007
99,Brasil,Peru,2011,0,0,19144.918
100,Brasil,Polônia,2011,11732,50684,31413.680499999988
101,Brasil,Porto Rico,2011,0,0,2825.0495000000014
102,Brasil,Portugal,2011,95,1031,8649.092
103,Brasil,Quênia,2011,0,0,21482.153000000006
104,Brasil,Reino Unido,2011,122629,285642,49804.157
105,Brasil,República Dominicana,2011,0,0,6301.267000000002
106,Brasil,Rússia,2011,0,0,116928.77850000001
107,Brasil,São Tomé e Príncipe,2011,0,0,95.92450000000002
108,Brasil,São Vicente e Granadinas,2011,0,0,75.15200000000002
109,Brasil,Senegal,2011,0,0,6465.852999999999
110,Brasil,Serra Leoa,2011,0,0,3332.391000000001
111,Brasil,Singapura,2011,0,0,
112,Brasil,Suazilândia,2011,0,0,
113,Brasil,Suécia,2011,1641,14476,7538.385500000003
114,Brasil,Suíça,2011,0,0,6455.185500000002
115,Brasil,Suriname,2011,3774,3735,358.9479999999998
116,Brasil,Tailândia,2011,0,0,52736.55600000002
117,Brasil,Taiwan (FORMOSA),2011,4500,10600,
118,Brasil,Tanzânia,2011,0,0,22621.632499999985
119,Brasil,"Tcheca, República",2011,6846,37271,8654.303999999998
120,Brasil,Togo,2011,0,0,3498.669500000001
121,Brasil,Trinidade Tobago,2011,0,0,1065.991
122,Brasil,Tunísia,2011,0,0,7847.665500000001
123,Brasil,Turquia,2011,0,0,
124,Brasil,Tuvalu,2011,0,0,6.586
125,Brasil,Uruguai,2011,1238,4404,2460.182499999999
126,Brasil,Vanuatu,2011,0,0,137.41299999999993
127,Brasil,Venezuela,2011,0,0,18798.908499999998
128,Brasil,Vietnã,2011,0,0,
1,Brasil,Afeganistão,2012,0,0,13780.429999999997
2,Brasil,África do Sul,2012,0,0,34921.52350000001
3,Brasil,"Alemanha, República Democrática",2012,8189,56342,
4,Brasil,Angola,2012,2833,8861,12082.4445
5,Brasil,Anguilla,2012,0,0,9.779000000000009
6,Brasil,Antígua e Barbuda,2012,0,0,
7,Brasil,Antilhas Holandesas,2012,9247,14081,
8,Brasil,Argentina,2012,0,0,29247.153500000004
9,Brasil,Aruba,2012,0,0,77.58999999999997
10,Brasil,Austrália,2012,9345,56045,17563.983499999995
11,Brasil,Áustria,2012,0,0,6925.660999999997
12,Brasil,Bahamas,2012,1374,12087,265.7290000000001
13,Brasil,Bangladesh,2012,0,0,93649.98400000003
14,Brasil,Barbados,2012,0,0,211.0570000000001
15,Brasil,Barein,2012,0,0,935.764
16,Brasil,Bélgica,2012,16132,90718,8786.694500000005
17,Brasil,Belice,2012,0,0,200.83649999999994
18,Brasil,Benin,2012,0,0,5003.397500000003
19,Brasil,Bolívia,2012,11868,16804,6292.8804999999975
20,Brasil,Bósnia-Herzegovina,2012,0,0,2951.324500000001
21,Brasil,Brasil,2012,0,0,142014.66199999998
22,Brasil,Bulgária,2012,0,0,6244.522000000001
23,Brasil,Cabo Verde,2012,0,0,333.433
24,Brasil,Camarões,2012,0,0,10459.317999999996
25,Brasil,Canadá,2012,14304,146035,27749.289500000003
26,Brasil,Catar,2012,0,0,1590.582000000002
27,Brasil,"Cayman, Ilhas",2012,0,0,44.7
28,Brasil,Chile,2012,8550,15438,12925.676999999992
29,Brasil,China,2012,87905,642177,1064119.3729999994
30,Brasil,Chipre,2012,0,0,921.9645
31,Brasil,Cingapura,2012,1212,5310,4422.642500000002
32,Brasil,"Cocos (Keeling), Ilhas",2012,0,0,
33,Brasil,Colômbia,2012,0,0,31325.558000000005
34,Brasil,Comores,2012,0,0,355.793
35,Brasil,Congo,2012,0,0,2492.996000000001
36,Brasil,"Coreia, Republica Sul",2012,0,0,40012.39500000001
37,Brasil,Costa do Marfim,2012,0,0,10874.270499999997
38,Brasil,Costa Rica,2012,0,0,3365.7794999999983
39,Brasil,Croácia,2012,0,0,3535.4375
40,Brasil,Cuba,2012,0,0,8917.568000000001
41,Brasil,Curaçao,2012,0,0,121.30650000000003
42,Brasil,Dinamarca,2012,4716,23802,4401.436000000001
43,Brasil,Dominica,2012,0,0,49.60850000000002
44,Brasil,El Salvador,2012,0,0,3851.9564999999993
45,Brasil,Emirados Arabes Unidos,2012,675,3300,7095.3735000000015
46,Brasil,Equador,2012,0,0,9872.075
47,Brasil,"Eslovaca, Republica",2012,0,0,4395.128000000002
48,Brasil,Espanha,2012,0,0,38391.789999999986
49,Brasil,Estados Unidos,2012,146585,303986,241668.02399999995
50,Brasil,Estônia,2012,3321,19384,1078.8935
51,Brasil,Filipinas,2012,0,0,58919.91249999999
52,Brasil,Finlândia,2012,17100,67959,4333.6095000000005
53,Brasil,França,2012,195604,185791,49277.73849999999
54,Brasil,Gana,2012,0,0,14730.089
55,Brasil,Gibraltar,2012,0,0,25.168499999999995
56,Brasil,Granada,2012,0,0,
57,Brasil,Grécia,2012,0,0,9033.460499999996
58,Brasil,Guatemala,2012,0,0,8329.444500000003
59,Brasil,Guiana,2012,0,0,
60,Brasil,Guiana Francesa,2012,0,0,
61,Brasil,Guine Bissau,2012,0,0,829.1874999999999
62,Brasil,Guine Equatorial,2012,819,2530,664.1954999999999
63,Brasil,Haiti,2012,0,0,5878.897000000002
64,Brasil,Honduras,2012,0,0,4998.303500000001
65,Brasil,Hong Kong,2012,1609,7653,
66,Brasil,Hungria,2012,0,0,8151.364500000001
67,Brasil,Ilha de Man,2012,0,0,
68,Brasil,Ilhas Virgens,2012,0,0,
69,Brasil,India,2012,0,0,816218.6209999997
70,Brasil,Indonésia,2012,0,0,
71,Brasil,Irã,2012,0,0,56583.91999999999
72,Brasil,Iraque,2012,0,0,17771.925000000003
73,Brasil,Irlanda,2012,0,0,3413.078
74,Brasil,Itália,2012,792,5622,50056.255999999994
75,Brasil,Jamaica,2012,0,0,1894.962999999999
76,Brasil,Japão,2012,29281,116961,107603.87999999995
77,Brasil,Jordânia,2012,0,0,4153.600500000001
78,Brasil,Letônia,2012,0,0,1702.1504999999997
79,Brasil,Líbano,2012,0,0,3609.4895000000006
80,Brasil,Libéria,2012,0,0,2217.0494999999996
81,Brasil,Luxemburgo,2012,2444,16547,
82,Brasil,Malásia,2012,0,0,20073.193999999996
83,Brasil,Malta,2012,0,0,353.69449999999995
84,Brasil,"Marshall, Ilhas",2012,0,0,28.721999999999994
85,Brasil,Mauritânia,2012,0,0,1804.2510000000002
86,Brasil,México,2012,0,0,75567.98750000005
87,Brasil,Moçambique,2012,0,0,
88,Brasil,Montenegro,2012,0,0,486.90100000000007
89,Brasil,Namibia,2012,0,0,1224.828
90,Brasil,Nicaragua,2012,0,0,3608.9410000000016
91,Brasil,Nigéria,2012,6449,10196,83932.47249999999
92,Brasil,Noruega,2012,5104,31515,3898.3615000000013
93,Brasil,Nova Caledônia,2012,0,0,189.48249999999993
94,Brasil,Nova Zelândia,2012,2364,8817,3313.707999999999
95,Brasil,Omã,2012,0,0,2576.042499999998
96,Brasil,Países Baixos,2012,134879,539641,13299.130500000001
97,Brasil,Panamá,2012,39,2262,2478.185000000001
98,Brasil,Paraguai,2012,354824,428279,3656.326999999999
99,Brasil,Peru,2012,0,0,19441.463500000016
100,Brasil,Polônia,2012,21663,89158,31505.10849999999
101,Brasil,Porto Rico,2012,0,0,2822.2480000000005
102,Brasil,Portugal,2012,47172,47022,8631.298499999999
103,Brasil,Quênia,2012,94,458,22168.265999999992
104,Brasil,Reino Unido,2012,82937,334856,50235.616500000026
105,Brasil,República Dominicana,2012,0,0,6426.7530000000015
106,Brasil,Rússia,2012,4528176,2103968,116864.53400000003
107,Brasil,São Tomé e Príncipe,2012,0,0,97.93200000000002
108,Brasil,São Vicente e Granadinas,2012,0,0,75.436
109,Brasil,Senegal,2012,0,0,6648.268000000001
110,Brasil,Serra Leoa,2012,0,0,3435.4920000000006
111,Brasil,Singapura,2012,0,0,
112,Brasil,Suazilândia,2012,0,0,
113,Brasil,Suécia,2012,2705,17280,7617.013499999999
114,Brasil,Suíça,2012,4014,47240,6536.1285
115,Brasil,Suriname,2012,396,1288,363.8480000000001
116,Brasil,Tailândia,2012,0,0,53353.43349999998
117,Brasil,Taiwan (FORMOSA),2012,0,0,
118,Brasil,Tanzânia,2012,0,0,23271.783000000007
119,Brasil,"Tcheca, República",2012,7960,27789,8673.05
120,Brasil,Togo,2012,0,0,3596.529000000001
121,Brasil,Trinidade Tobago,2012,531,2720,1076.7594999999997
122,Brasil,Tunísia,2012,0,0,7980.1765000000005
123,Brasil,Turquia,2012,0,0,
124,Brasil,Tuvalu,2012,0,0,6.6995000000000005
125,Brasil,Uruguai,2012,1135,3879,2476.709
126,Brasil,Vanuatu,2012,0,0,140.77849999999998
127,Brasil,Venezuela,2012,1029,7492,19149.31949999999
128,Brasil,Vietnã,2012,0,0,
1,Brasil,Afeganistão,2013,0,0,14438.336999999998
2,Brasil,África do Sul,2013,0,0,35562.8665
3,Brasil,"Alemanha, República Democrática",2013,61699,265978,
4,Brasil,Angola,2013,1573,9300,12549.585000000001
5,Brasil,Anguilla,2013,0,0,10.063500000000005
6,Brasil,Antígua e Barbuda,2013,0,0,
7,Brasil,Antilhas Holandesas,2013,11281,19565,
8,Brasil,Argentina,2013,0,0,29662.943000000007
9,Brasil,Aruba,2013,0,0,78.78600000000002
10,Brasil,Austrália,2013,16707,101715,17878.291500000003
11,Brasil,Áustria,2013,0,0,6983.8775000000005
12,Brasil,Bahamas,2013,581,5145,270.95649999999995
13,Brasil,Bangladesh,2013,0,0,95837.74150000005
14,Brasil,Barbados,2013,0,0,212.1555
15,Brasil,Barein,2013,0,0,968.5209999999998
16,Brasil,Bélgica,2013,22461,95893,8844.046500000002
17,Brasil,Belice,2013,0,0,208.0375
18,Brasil,Benin,2013,0,0,5168.757
19,Brasil,Bolívia,2013,19147,25998,6439.977999999997
20,Brasil,Bósnia-Herzegovina,2013,0,0,2911.3810000000008
21,Brasil,Brasil,2013,0,0,144286.48850000006
22,Brasil,Bulgária,2013,0,0,6197.2535
23,Brasil,Cabo Verde,2013,0,0,341.75200000000024
24,Brasil,Camarões,2013,0,0,10786.692499999997
25,Brasil,Canadá,2013,25329,174643,28112.822500000006
26,Brasil,Catar,2013,0,0,1694.945500000001
27,Brasil,"Cayman, Ilhas",2013,0,0,45.846
28,Brasil,Chile,2013,0,0,13128.4795
29,Brasil,China,2013,40929,279956,1073274.7634999994
30,Brasil,Chipre,2013,0,0,933.9965000000001
31,Brasil,Cingapura,2013,766,5779,4521.963000000001
32,Brasil,"Cocos (Keeling), Ilhas",2013,0,0,
33,Brasil,Colômbia,2013,8,30,31934.39499999999
34,Brasil,Comores,2013,0,0,366.8299999999998
35,Brasil,Congo,2013,0,0,2538.324
36,Brasil,"Coreia, Republica Sul",2013,0,0,40733.06400000001
37,Brasil,Costa do Marfim,2013,0,0,11080.322499999998
38,Brasil,Costa Rica,2013,0,0,3430.1589999999987
39,Brasil,Croácia,2013,0,0,3524.6884999999997
40,Brasil,Cuba,2013,0,0,8949.214000000004
41,Brasil,Curaçao,2013,0,0,123.62299999999995
42,Brasil,Dinamarca,2013,17892,101915,4437.365
43,Brasil,Dominica,2013,0,0,50.0075
44,Brasil,El Salvador,2013,0,0,3913.0344999999993
45,Brasil,Emirados Arabes Unidos,2013,0,0,7174.749000000005
46,Brasil,Equador,2013,0,0,10099.7805
47,Brasil,"Eslovaca, Republica",2013,0,0,4407.454499999998
48,Brasil,Espanha,2013,1972980,3748940,38243.2855
49,Brasil,Estados Unidos,2013,245368,786556,244252.47549999994
50,Brasil,Estônia,2013,0,0,1074.3049999999996
51,Brasil,Filipinas,2013,0,0,60324.80950000001
52,Brasil,Finlândia,2013,36682,283114,4361.1615
53,Brasil,França,2013,6885,42256,49484.41749999998
54,Brasil,Gana,2013,0,0,15120.002499999997
55,Brasil,Gibraltar,2013,0,0,25.399000000000008
56,Brasil,Granada,2013,0,0,
57,Brasil,Grécia,2013,0,0,8992.999500000004
58,Brasil,Guatemala,2013,0,0,8588.127999999999
59,Brasil,Guiana,2013,0,0,
60,Brasil,Guiana Francesa,2013,0,0,
61,Brasil,Guine Bissau,2013,0,0,854.1785000000001
62,Brasil,Guine Equatorial,2013,1108,5336,695.0145000000006
63,Brasil,Haiti,2013,0,0,6011.039500000001
64,Brasil,Honduras,2013,0,0,5157.874500000002
65,Brasil,Hong Kong,2013,16013,61224,
66,Brasil,Hungria,2013,0,0,8148.593999999997
67,Brasil,Ilha de Man,2013,0,0,
68,Brasil,Ilhas Virgens,2013,0,0,
69,Brasil,India,2013,0,0,833378.9900000002
70,Brasil,Indonésia,2013,0,0,
71,Brasil,Irã,2013,0,0,57498.5345
72,Brasil,Iraque,2013,0,0,18696.869999999995
73,Brasil,Irlanda,2013,0,0,3427.414
74,Brasil,Itália,2013,1710,11967,50196.93249999995
75,Brasil,Jamaica,2013,0,0,1928.776
76,Brasil,Japão,2013,91988,429088,107599.90600000003
77,Brasil,Jordânia,2013,0,0,4469.189000000001
78,Brasil,Letônia,2013,0,0,1682.4554999999996
79,Brasil,Líbano,2013,0,0,3979.3520000000017
80,Brasil,Libéria,2013,0,0,2258.4135000000006
81,Brasil,Luxemburgo,2013,5135,29474,
82,Brasil,Malásia,2013,0,0,20597.062999999987
83,Brasil,Malta,2013,0,0,361.41450000000003
84,Brasil,"Marshall, Ilhas",2013,0,0,28.481999999999992
85,Brasil,Mauritânia,2013,0,0,1854.6059999999995
86,Brasil,México,2013,0,0,77233.45400000003
87,Brasil,Moçambique,2013,0,0,
88,Brasil,Montenegro,2013,0,0,489.166
89,Brasil,Namibia,2013,0,0,1252.6299999999994
90,Brasil,Nicaragua,2013,0,0,3698.5855
91,Brasil,Nigéria,2013,1350,2245,86211.65650000003
92,Brasil,Noruega,2013,2375,19008,3956.506500000001
93,Brasil,Nova Caledônia,2013,0,0,194.00650000000007
94,Brasil,Nova Zelândia,2013,1004,4092,3354.713
95,Brasil,Omã,2013,0,0,2831.291499999998
96,Brasil,Países Baixos,2013,57792,255690,13394.587000000005
97,Brasil,Panamá,2013,0,0,2531.9695000000006
98,Brasil,Paraguai,2013,481564,680828,3743.5469999999996
99,Brasil,Peru,2013,0,0,19743.2515
100,Brasil,Polônia,2013,19249,90960,31560.878500000003
101,Brasil,Porto Rico,2013,0,0,2813.3649999999993
102,Brasil,Portugal,2013,23810,17627,8598.360000000006
103,Brasil,Quênia,2013,6,4,22859.956000000013
104,Brasil,Reino Unido,2013,59161,305005,50640.89150000001
105,Brasil,República Dominicana,2013,0,0,6551.462500000002
106,Brasil,Rússia,2013,5893291,14795694,116763.28050000002
107,Brasil,São Tomé e Príncipe,2013,0,0,99.75450000000004
108,Brasil,São Vicente e Granadinas,2013,0,0,75.65
109,Brasil,Senegal,2013,0,0,6832.9285
110,Brasil,Serra Leoa,2013,0,0,3541.6849999999995
111,Brasil,Singapura,2013,0,0,
112,Brasil,Suazilândia,2013,0,0,
113,Brasil,Suécia,2013,3195,20183,7691.751500000005
114,Brasil,Suíça,2013,2997,29785,6621.166500000001
115,Brasil,Suriname,2013,1800,2960,368.8370000000002
116,Brasil,Tailândia,2013,0,0,53989.359500000006
117,Brasil,Taiwan (FORMOSA),2013,0,0,
118,Brasil,Tanzânia,2013,0,0,23972.1635
119,Brasil,"Tcheca, República",2013,3697,23549,8669.737000000001
120,Brasil,Togo,2013,0,0,3696.511
121,Brasil,Trinidade Tobago,2013,0,0,1086.9199999999998
122,Brasil,Tunísia,2013,0,0,8082.706000000001
123,Brasil,Turquia,2013,0,0,
124,Brasil,Tuvalu,2013,0,0,6.769000000000002
125,Brasil,Uruguai,2013,1526,13343,2494.1455
126,Brasil,Vanuatu,2013,0,0,144.156
127,Brasil,Venezuela,2013,0,0,19495.457999999995
128,Brasil,Vietnã,2013,0,0,
1,Brasil,Afeganistão,2014,0,0,15185.584499999992
2,Brasil,África do Sul,2014,0,0,36293.570999999996
3,Brasil,"Alemanha, República Democrática",2014,213348,761653,
4,Brasil,Angola,2014,12182,23124,13025.787000000006
5,Brasil,Anguilla,2014,0,0,10.558000000000002
6,Brasil,Antígua e Barbuda,2014,0,0,
7,Brasil,Antilhas Holandesas,2014,4455,7169,
8,Brasil,Argentina,2014,20385,95130,30068.643499999995
9,Brasil,Aruba,2014,450,755,79.83950000000006
10,Brasil,Austrália,2014,6308,43709,18172.217999999997
11,Brasil,Áustria,2014,0,0,7054.132500000001
12,Brasil,Bahamas,2014,0,0,276.0994999999998
13,Brasil,Bangladesh,2014,0,0,98029.17400000003
14,Brasil,Barbados,2014,0,0,213.28149999999988
15,Brasil,Barein,2014,0,0,1001.9375
16,Brasil,Bélgica,2014,151320,704093,8904.010999999999
17,Brasil,Belice,2014,0,0,215.23150000000012
18,Brasil,Benin,2014,0,0,5335.270499999998
19,Brasil,Bolívia,2014,12534,18303,6588.354500000003
20,Brasil,Bósnia-Herzegovina,2014,0,0,2887.357000000001
21,Brasil,Brasil,2014,0,0,146552.0760000001
22,Brasil,Bulgária,2014,0,0,6146.3965
23,Brasil,Cabo Verde,2014,0,0,349.7965000000001
24,Brasil,Camarões,2014,0,0,11162.9325
25,Brasil,Canadá,2014,35082,226875,28432.421000000002
26,Brasil,Catar,2014,0,0,1851.9159999999997
27,Brasil,"Cayman, Ilhas",2014,0,0,47.045
28,Brasil,Chile,2014,0,0,13333.462499999996
29,Brasil,China,2014,64040,455340,1081648.425
30,Brasil,Chipre,2014,0,0,945.1955
31,Brasil,Cingapura,2014,541,3887,4622.697499999998
32,Brasil,"Cocos (Keeling), Ilhas",2014,0,0,
33,Brasil,Colômbia,2014,0,0,32529.352
34,Brasil,Comores,2014,0,0,378.116
35,Brasil,Congo,2014,0,0,2586.762
36,Brasil,"Coreia, Republica Sul",2014,0,0,41438.67049999999
37,Brasil,Costa do Marfim,2014,0,0,11350.968499999997
38,Brasil,Costa Rica,2014,0,0,3492.1709999999975
39,Brasil,Croácia,2014,0,0,3514.2894999999994
40,Brasil,Cuba,2014,38875,43200,8981.304999999997
41,Brasil,Curaçao,2014,0,0,125.69600000000001
42,Brasil,Dinamarca,2014,3240,16871,4473.504000000001
43,Brasil,Dominica,2014,0,0,50.5635
44,Brasil,El Salvador,2014,0,0,3974.6434999999983
45,Brasil,Emirados Arabes Unidos,2014,640,3381,7259.189500000001
46,Brasil,Equador,2014,0,0,10332.437999999996
47,Brasil,"Eslovaca, Republica",2014,0,0,4416.349500000001
48,Brasil,Espanha,2014,0,0,38116.522000000004
49,Brasil,Estados Unidos,2014,222267,494216,246729.20549999995
50,Brasil,Estônia,2014,0,0,1070.4929999999995
51,Brasil,Filipinas,2014,0,0,61729.16749999999
52,Brasil,Finlândia,2014,12960,94962,4385.344999999998
53,Brasil,França,2014,33755,167807,49699.127
54,Brasil,Gana,2014,0,0,15509.421499999999
55,Brasil,Gibraltar,2014,0,0,25.469999999999995
56,Brasil,Granada,2014,0,0,
57,Brasil,Grécia,2014,0,0,8952.731499999994
58,Brasil,Guatemala,2014,0,0,8847.733000000004
59,Brasil,Guiana,2014,0,0,
60,Brasil,Guiana Francesa,2014,0,0,
61,Brasil,Guine Bissau,2014,0,0,879.9695
62,Brasil,Guine Equatorial,2014,5646,11983,725.9305
63,Brasil,Haiti,2014,0,0,6143.080999999998
64,Brasil,Honduras,2014,0,0,5319.6934999999985
65,Brasil,Hong Kong,2014,18130,63534,
66,Brasil,Hungria,2014,0,0,8139.830000000003
67,Brasil,Ilha de Man,2014,0,0,
68,Brasil,Ilhas Virgens,2014,0,0,
69,Brasil,India,2014,0,0,850630.3170000004
70,Brasil,Indonésia,2014,0,0,
71,Brasil,Irã,2014,0,0,58381.1785
72,Brasil,Iraque,2014,0,0,19446.546999999995
73,Brasil,Irlanda,2014,0,0,3452.5145000000007
74,Brasil,Itália,2014,604,2492,50258.95800000003
75,Brasil,Jamaica,2014,0,0,1959.7279999999994
76,Brasil,Japão,2014,106426,401774,107574.28049999998
77,Brasil,Jordânia,2014,0,0,5065.255499999997
78,Brasil,Letônia,2014,0,0,1661.5299999999988
79,Brasil,Líbano,2014,0,0,4416.1985
80,Brasil,Libéria,2014,0,0,2300.922
81,Brasil,Luxemburgo,2014,8281,52400,
82,Brasil,Malásia,2014,0,0,21099.266000000007
83,Brasil,Malta,2014,0,0,370.37349999999986
84,Brasil,"Marshall, Ilhas",2014,0,0,28.233000000000004
85,Brasil,Mauritânia,2014,0,0,1909.4995
86,Brasil,México,2014,1521,24336,78851.077
87,Brasil,Moçambique,2014,0,0,
88,Brasil,Montenegro,2014,0,0,490.8834999999999
89,Brasil,Namibia,2014,0,0,1279.6090000000006
90,Brasil,Nicaragua,2014,0,0,3787.897
91,Brasil,Nigéria,2014,0,0,88520.83199999997
92,Brasil,Noruega,2014,7179,50464,4012.4109999999996
93,Brasil,Nova Caledônia,2014,0,0,198.11400000000003
94,Brasil,Nova Zelândia,2014,2800,13675,3415.4635000000003
95,Brasil,Omã,2014,0,0,2982.7785000000013
96,Brasil,Países Baixos,2014,165289,773767,13492.2315
97,Brasil,Panamá,2014,0,0,2586.7564999999986
98,Brasil,Paraguai,2014,521847,908028,3830.4640000000013
99,Brasil,Peru,2014,0,0,20054.969500000003
100,Brasil,Polônia,2014,30181,107957,31596.356000000003
101,Brasil,Porto Rico,2014,0,0,2796.268000000001
102,Brasil,Portugal,2014,71544,79141,8569.104500000005
103,Brasil,Quênia,2014,0,0,23559.83650000002
104,Brasil,Reino Unido,2014,305807,1373747,51036.593499999995
105,Brasil,República Dominicana,2014,0,0,6674.547
106,Brasil,Rússia,2014,190656,61440,116576.44199999995
107,Brasil,São Tomé e Príncipe,2014,0,0,101.58149999999998
108,Brasil,São Vicente e Granadinas,2014,0,0,75.85150000000006
109,Brasil,Senegal,2014,0,0,7025.189000000002
110,Brasil,Serra Leoa,2014,0,0,3651.6385
111,Brasil,Singapura,2014,0,0,
112,Brasil,Suazilândia,2014,0,0,
113,Brasil,Suécia,2014,10404,51057,7763.05
114,Brasil,Suíça,2014,27933,231762,6710.3585
115,Brasil,Suriname,2014,6,19,373.94100000000003
116,Brasil,Tailândia,2014,0,0,54637.07550000001
117,Brasil,Taiwan (FORMOSA),2014,12519,67907,
118,Brasil,Tanzânia,2014,0,0,24733.458500000004
119,Brasil,"Tcheca, República",2014,4500,35005,8656.410000000002
120,Brasil,Togo,2014,0,0,3798.5090000000014
121,Brasil,Trinidade Tobago,2014,360,1600,1096.3524999999995
122,Brasil,Tunísia,2014,0,0,8176.752999999997
123,Brasil,Turquia,2014,0,0,
124,Brasil,Tuvalu,2014,0,0,6.7985000000000015
125,Brasil,Uruguai,2014,0,0,2511.798
126,Brasil,Vanuatu,2014,0,0,147.53199999999995
127,Brasil,Venezuela,2014,14,232,19833.21700000001
128,Brasil,Vietnã,2014,0,0,
1,Brasil,Afeganistão,2015,0,0,15818.287
2,Brasil,África do Sul,2015,0,0,37242.123499999994
3,Brasil,"Alemanha, República Democrática",2015,10680,44780,
4,Brasil,Angola,2015,1908,17089,13509.286499999993
5,Brasil,Anguilla,2015,0,0,11.031500000000003
6,Brasil,Antígua e Barbuda,2015,0,0,
7,Brasil,Antilhas Holandesas,2015,6660,10545,
8,Brasil,Argentina,2015,0,0,30462.117999999988
9,Brasil,Aruba,2015,0,0,80.74000000000001
10,Brasil,Austrália,2015,7437,48011,18456.488999999994
11,Brasil,Áustria,2015,0,0,7140.3155000000015
12,Brasil,Bahamas,2015,0,0,281.1650000000001
13,Brasil,Bangladesh,2015,0,0,100242.30049999998
14,Brasil,Barbados,2015,0,0,214.47399999999993
15,Brasil,Barein,2015,0,0,1039.1409999999998
16,Brasil,Bélgica,2015,4473,26399,8963.972999999998
17,Brasil,Belice,2015,0,0,222.36800000000005
18,Brasil,Benin,2015,0,0,5506.583999999999
19,Brasil,Bolívia,2015,10674,12990,6737.244000000001
20,Brasil,Bósnia-Herzegovina,2015,0,0,2862.944
21,Brasil,Brasil,2015,0,0,148777.05199999994
22,Brasil,Bulgária,2015,0,0,6088.294
23,Brasil,Cabo Verde,2015,0,0,357.44599999999986
24,Brasil,Camarões,2015,0,0,11566.944000000005
25,Brasil,Canadá,2015,24547,118394,28717.001999999997
26,Brasil,Catar,2015,0,0,2034.4029999999998
27,Brasil,"Cayman, Ilhas",2015,0,0,48.28200000000001
28,Brasil,Chile,2015,0,0,13539.396499999999
29,Brasil,China,2015,47609,222866,1089244.2564999994
30,Brasil,Chipre,2015,0,0,955.8720000000001
31,Brasil,Cingapura,2015,1116,2774,4718.6125
32,Brasil,"Cocos (Keeling), Ilhas",2015,0,0,
33,Brasil,Colômbia,2015,0,0,33119.5645
34,Brasil,Comores,2015,0,0,389.6230000000004
35,Brasil,Congo,2015,0,0,2639.416499999999
36,Brasil,"Coreia, Republica Sul",2015,0,0,42101.8275
37,Brasil,Costa do Marfim,2015,0,0,11691.738499999998
38,Brasil,Costa Rica,2015,0,0,3552.2975000000006
39,Brasil,Croácia,2015,0,0,3501.2079999999996
40,Brasil,Cuba,2015,97965,108864,9012.708499999999
41,Brasil,Curaçao,2015,0,0,127.44949999999997
42,Brasil,Dinamarca,2015,7080,29306,4509.07
43,Brasil,Dominica,2015,0,0,51.172000000000004
44,Brasil,El Salvador,2015,0,0,4035.224500000001
45,Brasil,Emirados Arabes Unidos,2015,765,3740,7347.791000000005
46,Brasil,Equador,2015,0,0,10574.073
47,Brasil,"Eslovaca, Republica",2015,0,0,4423.8385000000035
48,Brasil,Espanha,2015,0,0,38084.376
49,Brasil,Estados Unidos,2015,195896,524109,249108.32649999994
50,Brasil,Estônia,2015,0,0,1068.9405000000002
51,Brasil,Filipinas,2015,0,0,63192.67649999998
52,Brasil,Finlândia,2015,0,0,4405.1765
53,Brasil,França,2015,1596,4749,49893.20400000001
54,Brasil,Gana,2015,0,0,15899.507000000003
55,Brasil,Gibraltar,2015,0,0,25.543499999999995
56,Brasil,Granada,2015,0,0,
57,Brasil,Grécia,2015,0,0,8908.067499999996
58,Brasil,Guatemala,2015,0,0,9105.274999999996
59,Brasil,Guiana,2015,0,0,
60,Brasil,Guiana Francesa,2015,0,0,
61,Brasil,Guine Bissau,2015,0,0,906.6729999999999
62,Brasil,Guine Equatorial,2015,0,0,756.728
63,Brasil,Haiti,2015,0,0,6274.897999999998
64,Brasil,Honduras,2015,0,0,5483.876000000001
65,Brasil,Hong Kong,2015,1229,7837,
66,Brasil,Hungria,2015,0,0,8125.433500000002
67,Brasil,Ilha de Man,2015,0,0,
68,Brasil,Ilhas Virgens,2015,0,0,
69,Brasil,India,2015,0,0,867882.5079999999
70,Brasil,Indonésia,2015,0,0,
71,Brasil,Irã,2015,0,0,59300.655500000015
72,Brasil,Iraque,2015,0,0,20085.502999999997
73,Brasil,Irlanda,2015,0,0,3489.2909999999983
74,Brasil,Itália,2015,0,0,50247.39750000002
75,Brasil,Jamaica,2015,0,0,1987.7455
76,Brasil,Japão,2015,31597,87853,107543.67149999998
77,Brasil,Jordânia,2015,0,0,5596.901500000001
78,Brasil,Letônia,2015,0,0,1640.1479999999995
79,Brasil,Líbano,2015,0,0,4491.166499999999
80,Brasil,Libéria,2015,0,0,2348.1050000000014
81,Brasil,Luxemburgo,2015,2295,17358,
82,Brasil,Malásia,2015,0,0,21579.302999999993
83,Brasil,Malta,2015,0,0,380.3490000000002
84,Brasil,"Marshall, Ilhas",2015,0,0,27.981499999999986
85,Brasil,Mauritânia,2015,0,0,1966.6989999999996
86,Brasil,México,2015,0,0,80416.5665
87,Brasil,Moçambique,2015,0,0,
88,Brasil,Montenegro,2015,0,0,491.72700000000015
89,Brasil,Namibia,2015,0,0,1306.483
90,Brasil,Nicaragua,2015,0,0,3876.3344999999995
91,Brasil,Nigéria,2015,0,0,90817.44699999997
92,Brasil,Noruega,2015,1058,6021,4063.731000000001
93,Brasil,Nova Caledônia,2015,0,0,200.8275
94,Brasil,Nova Zelândia,2015,809,3476,3485.491499999999
95,Brasil,Omã,2015,0,0,3118.8419999999996
96,Brasil,Países Baixos,2015,44987,186464,13591.268
97,Brasil,Panamá,2015,0,0,2643.0074999999997
98,Brasil,Paraguai,2015,495428,741370,3916.6955000000016
99,Brasil,Peru,2015,0,0,20386.826500000003
100,Brasil,Polônia,2015,11654,42781,31614.344999999998
101,Brasil,Porto Rico,2015,0,0,2773.7059999999988
102,Brasil,Portugal,2015,47736,42586,8551.545
103,Brasil,Quênia,2015,0,0,24264.6515
104,Brasil,Reino Unido,2015,68382,308407,51412.0375
105,Brasil,República Dominicana,2015,0,0,6795.035499999999
106,Brasil,Rússia,2015,47664,18240,116332.86999999997
107,Brasil,São Tomé e Príncipe,2015,0,0,103.41799999999998
108,Brasil,São Vicente e Granadinas,2015,0,0,76.04650000000002
109,Brasil,Senegal,2015,0,0,7229.932999999999
110,Brasil,Serra Leoa,2015,0,0,3764.9500000000007
111,Brasil,Singapura,2015,0,0,
112,Brasil,Suazilândia,2015,0,0,
113,Brasil,Suécia,2015,1412,6404,7830.612500000003
114,Brasil,Suíça,2015,15872,85790,6793.480499999998
115,Brasil,Suriname,2015,453,713,379.35649999999964
116,Brasil,Tailândia,2015,0,0,55248.00100000001
117,Brasil,Taiwan (FORMOSA),2015,7200,23940,
118,Brasil,Tanzânia,2015,0,0,25576.220000000005
119,Brasil,"Tcheca, República",2015,2297,15304,8642.810500000001
120,Brasil,Togo,2015,0,0,3902.7044999999985
121,Brasil,Trinidade Tobago,2015,0,0,1105.3009999999997
122,Brasil,Tunísia,2015,0,0,8262.183500000001
123,Brasil,Turquia,2015,0,0,
124,Brasil,Tuvalu,2015,0,0,6.817500000000005
125,Brasil,Uruguai,2015,0,0,2529.316500000001
126,Brasil,Vanuatu,2015,0,0,150.88999999999996
127,Brasil,Venezuela,2015,0,0,20158.589
128,Brasil,Vietnã,2015,0,0,
1,Brasil,Afeganistão,2016,0,0,16325.939499999995
2,Brasil,África do Sul,2016,0,0,37654.333
3,Brasil,"Alemanha, República Democrática",2016,14012,68109,
4,Brasil,Angola,2016,7359,35390,14009.660999999998
5,Brasil,Anguilla,2016,0,0,11.361
6,Brasil,Antígua e Barbuda,2016,0,0,
7,Brasil,Antilhas Holandesas,2016,16641,26450,
8,Brasil,Argentina,2016,0,0,30837.4805
9,Brasil,Aruba,2016,0,0,81.50600000000001
10,Brasil,Austrália,2016,1954,13799,18760.113999999998
11,Brasil,Áustria,2016,675,5220,7217.382999999996
12,Brasil,Bahamas,2016,0,0,286.15700000000015
13,Brasil,Bangladesh,2016,0,0,102593.163
14,Brasil,Barbados,2016,0,0,215.72049999999993
15,Brasil,Barein,2016,0,0,1079.0754999999997
16,Brasil,Bélgica,2016,7200,46534,9021.461000000001
17,Brasil,Belice,2016,0,0,229.54550000000017
18,Brasil,Benin,2016,5040,20333,5681.8279999999995
19,Brasil,Bolívia,2016,13586,16902,6887.289
20,Brasil,Bósnia-Herzegovina,2016,0,0,2838.7615
21,Brasil,Brasil,2016,0,0,150984.42499999993
22,Brasil,Bulgária,2016,0,0,6028.204499999998
23,Brasil,Cabo Verde,2016,0,0,364.9634999999998
24,Brasil,Camarões,2016,0,0,11947.877000000002
25,Brasil,Canadá,2016,13711,71096,29041.319999999996
26,Brasil,Catar,2016,0,0,2193.2325
27,Brasil,"Cayman, Ilhas",2016,0,0,49.5185
28,Brasil,Chile,2016,0,0,13769.3415
29,Brasil,China,2016,134106,499622,1096191.5279999997
30,Brasil,Chipre,2016,0,0,966.0965000000002
31,Brasil,Cingapura,2016,5445,13199,4800.615499999996
32,Brasil,"Cocos (Keeling), Ilhas",2016,0,0,
33,Brasil,Colômbia,2016,0,0,33752.066000000006
34,Brasil,Comores,2016,0,0,401.333
35,Brasil,Congo,2016,0,0,2696.440000000002
36,Brasil,"Coreia, Republica Sul",2016,8,20,42632.520500000006
37,Brasil,Costa do Marfim,2016,0,0,12054.615999999993
38,Brasil,Costa Rica,2016,0,0,3611.5215000000003
39,Brasil,Croácia,2016,0,0,3485.5885000000003
40,Brasil,Cuba,2016,63741,69830,9042.172499999995
41,Brasil,Curaçao,2016,0,0,128.9285
42,Brasil,Dinamarca,2016,1278,8171,4543.5675
43,Brasil,Dominica,2016,0,0,51.62249999999999
44,Brasil,El Salvador,2016,0,0,4096.579499999998
45,Brasil,Emirados Arabes Unidos,2016,585,2760,7437.807499999996
46,Brasil,Equador,2016,0,0,10825.884
47,Brasil,"Eslovaca, Republica",2016,0,0,4429.982999999999
48,Brasil,Espanha,2016,0,0,38121.27950000001
49,Brasil,Estados Unidos,2016,258072,687411,251501.6009999999
50,Brasil,Estônia,2016,900,4800,1067.5160000000003
51,Brasil,Filipinas,2016,0,0,64740.06799999995
52,Brasil,Finlândia,2016,7617,41003,4422.7235
53,Brasil,França,2016,6037,30055,50071.86500000002
54,Brasil,Gana,2016,0,0,16307.59850000001
55,Brasil,Gibraltar,2016,0,0,25.618
56,Brasil,Granada,2016,0,0,
57,Brasil,Grécia,2016,0,0,8862.182999999997
58,Brasil,Guatemala,2016,0,0,9366.775500000003
59,Brasil,Guiana,2016,0,0,
60,Brasil,Guiana Francesa,2016,0,0,
61,Brasil,Guine Bissau,2016,0,0,934.3679999999999
62,Brasil,Guine Equatorial,2016,0,0,787.1225000000004
63,Brasil,Haiti,2016,0,0,6405.826
64,Brasil,Honduras,2016,0,0,5650.7535
65,Brasil,Hong Kong,2016,6975,86199,
66,Brasil,Hungria,2016,0,0,8100.167999999997
67,Brasil,Ilha de Man,2016,0,0,
68,Brasil,Ilhas Virgens,2016,0,0,
69,Brasil,India,2016,0,0,885367.966
70,Brasil,Indonésia,2016,0,0,
71,Brasil,Irã,2016,0,0,60156.26599999999
72,Brasil,Iraque,2016,0,0,20715.207000000013
73,Brasil,Irlanda,2016,0,0,3533.7900000000013
74,Brasil,Itália,2016,585,3465,50231.35799999999
75,Brasil,Jamaica,2016,0,0,2014.2414999999999
76,Brasil,Japão,2016,34341,90954,107495.32999999999
77,Brasil,Jordânia,2016,0,0,5920.1569999999965
78,Brasil,Letônia,2016,0,0,1619.0175000000002
79,Brasil,Líbano,2016,0,0,4346.677500000001
80,Brasil,Libéria,2016,0,0,2398.5944999999997
81,Brasil,Luxemburgo,2016,2759,21426,
82,Brasil,Malásia,2016,0,0,22055.023500000003
83,Brasil,Malta,2016,0,0,390.94399999999996
84,Brasil,"Marshall, Ilhas",2016,0,0,27.7255
85,Brasil,Mauritânia,2016,0,0,2026.2219999999998
86,Brasil,México,2016,0,0,81959.295
87,Brasil,Moçambique,2016,0,0,
88,Brasil,Montenegro,2016,0,0,492.03599999999983
89,Brasil,Namibia,2016,0,0,1334.215
90,Brasil,Nicaragua,2016,0,0,3963.9384999999993
91,Brasil,Nigéria,2016,0,0,93167.72900000006
92,Brasil,Noruega,2016,0,0,4107.245
93,Brasil,Nova Caledônia,2016,0,0,202.41849999999988
94,Brasil,Nova Zelândia,2016,504,9472,3554.9365
95,Brasil,Omã,2016,0,0,3283.0570000000016
96,Brasil,Países Baixos,2016,42953,190203,13692.187500000004
97,Brasil,Panamá,2016,0,0,2700.816499999998
98,Brasil,Paraguai,2016,985739,1655417,4002.1165000000024
99,Brasil,Peru,2016,0,0,20752.6245
100,Brasil,Polônia,2016,11457,35402,31616.474499999997
101,Brasil,Porto Rico,2016,0,0,2749.748499999999
102,Brasil,Portugal,2016,0,0,8541.600500000006
103,Brasil,Quênia,2016,0,0,24997.519499999995
104,Brasil,Reino Unido,2016,117044,536681,51761.85350000002
105,Brasil,República Dominicana,2016,0,0,6911.419999999997
106,Brasil,Rússia,2016,0,0,116137.11050000002
107,Brasil,São Tomé e Príncipe,2016,0,0,105.30600000000003
108,Brasil,São Vicente e Granadinas,2016,0,0,76.13850000000001
109,Brasil,Senegal,2016,0,0,7448.185000000001
110,Brasil,Serra Leoa,2016,0,0,3884.333
111,Brasil,Singapura,2016,0,0,
112,Brasil,Suazilândia,2016,0,0,
113,Brasil,Suécia,2016,291,1214,7896.837999999998
114,Brasil,Suíça,2016,4230,33340,6870.688500000001
115,Brasil,Suriname,2016,900,1375,385.2474999999999
116,Brasil,Tailândia,2016,0,0,55813.27499999998
117,Brasil,Taiwan (FORMOSA),2016,16967,80379,
118,Brasil,Tanzânia,2016,0,0,26489.421499999997
119,Brasil,"Tcheca, República",2016,3837,28473,8627.292
120,Brasil,Togo,2016,0,0,4010.0970000000007
121,Brasil,Trinidade Tobago,2016,0,0,1113.9699999999998
122,Brasil,Tunísia,2016,0,0,8340.516000000001
123,Brasil,Turquia,2016,0,0,
124,Brasil,Tuvalu,2016,0,0,6.8290000000000015
125,Brasil,Uruguai,2016,0,0,2546.1809999999996
126,Brasil,Vanuatu,2016,0,0,154.371
127,Brasil,Venezuela,2016,0,0,20382.658999999992
128,Brasil,Vietnã,2016,0,0,
1,Brasil,Afeganistão,2017,0,0,16945.487500000007
2,Brasil,África do Sul,2017,0,0,37763.69549999999
3,Brasil,"Alemanha, República Democrática",2017,15467,87702,
4,Brasil,Angola,2017,10170,61680,14528.449499999999
5,Brasil,Anguilla,2017,0,0,11.596999999999996
6,Brasil,Antígua e Barbuda,2017,0,0,
7,Brasil,Antilhas Holandesas,2017,5400,8550,
8,Brasil,Argentina,2017,0,0,31209.0675
9,Brasil,Aruba,2017,0,0,82.16150000000003
10,Brasil,Austrália,2017,1350,7500,19087.979000000014
11,Brasil,Áustria,2017,0,0,7267.995999999995
12,Brasil,Bahamas,2017,0,0,291.085
13,Brasil,Bangladesh,2017,0,0,105031.24300000006
14,Brasil,Barbados,2017,0,0,217.01750000000004
15,Brasil,Barein,2017,0,0,1119.2445
16,Brasil,Bélgica,2017,2790,16405,9078.598500000002
17,Brasil,Belice,2017,0,0,236.78599999999992
18,Brasil,Benin,2017,0,0,5861.614999999997
19,Brasil,Bolívia,2017,9495,23085,7039.687500000004
20,Brasil,Bósnia-Herzegovina,2017,0,0,2812.366
21,Brasil,Brasil,2017,0,0,153170.05649999998
22,Brasil,Bulgária,2017,117,1579,5974.634000000004
23,Brasil,Cabo Verde,2017,0,0,372.6185
24,Brasil,Camarões,2017,1749,7476,12310.409
25,Brasil,Canadá,2017,6075,30658,29432.73500000001
26,Brasil,Catar,2017,13338,81606,2289.6815
27,Brasil,"Cayman, Ilhas",2017,0,0,50.73850000000002
28,Brasil,Chile,2017,0,0,14058.907000000001
29,Brasil,China,2017,67594,266086,1102512.466
30,Brasil,Chipre,2017,0,0,975.9540000000001
31,Brasil,Cingapura,2017,0,0,4872.014999999999
32,Brasil,"Cocos (Keeling), Ilhas",2017,0,0,
33,Brasil,Colômbia,2017,0,0,34562.33900000001
34,Brasil,Comores,2017,0,0,413.17950000000013
35,Brasil,Congo,2017,0,0,2757.8275000000012
36,Brasil,"Coreia, Republica Sul",2017,0,0,43058.70649999999
37,Brasil,Costa do Marfim,2017,0,0,12437.181999999992
38,Brasil,Costa Rica,2017,0,0,3669.4894999999997
39,Brasil,Croácia,2017,0,0,3467.636000000001
40,Brasil,Cuba,2017,62791,72229,9068.29
41,Brasil,Curaçao,2017,12340,23011,130.20550000000006
42,Brasil,Dinamarca,2017,581,2829,4577.324999999999
43,Brasil,Dominica,2017,0,0,52.14700000000001
44,Brasil,El Salvador,2017,0,0,4156.999499999998
45,Brasil,Emirados Arabes Unidos,2017,675,3302,7525.197500000002
46,Brasil,Equador,2017,0,0,11091.812000000005
47,Brasil,"Eslovaca, Republica",2017,0,0,4434.539499999999
48,Brasil,Espanha,2017,0,0,38229.64049999999
49,Brasil,Estados Unidos,2017,132688,1523699,253920.86249999993
50,Brasil,Estônia,2017,0,0,1066.5734999999995
51,Brasil,Filipinas,2017,0,0,66318.21450000002
52,Brasil,Finlândia,2017,0,0,4439.036000000002
53,Brasil,França,2017,4253,21654,50256.69
54,Brasil,Gana,2017,0,0,16735.444999999996
55,Brasil,Gibraltar,2017,0,0,25.691000000000006
56,Brasil,Granada,2017,0,0,
57,Brasil,Grécia,2017,0,0,8817.469
58,Brasil,Guatemala,2017,0,0,9630.029999999993
59,Brasil,Guiana,2017,0,0,
60,Brasil,Guiana Francesa,2017,0,0,
61,Brasil,Guine Bissau,2017,48,90,962.9475000000001
62,Brasil,Guine Equatorial,2017,2639,30563,816.8745000000002
63,Brasil,Haiti,2017,0,0,6536.353999999997
64,Brasil,Honduras,2017,0,0,5820.820500000001
65,Brasil,Hong Kong,2017,1934,8180,
66,Brasil,Hungria,2017,0,0,8074.399499999997
67,Brasil,Ilha de Man,2017,0,0,
68,Brasil,Ilhas Virgens,2017,0,0,
69,Brasil,India,2017,0,0,902951.6049999997
70,Brasil,Indonésia,2017,0,0,
71,Brasil,Irã,2017,0,0,60922.943999999974
72,Brasil,Iraque,2017,0,0,21363.599
73,Brasil,Irlanda,2017,0,0,3584.233999999998
74,Brasil,Itália,2017,468,2248,50229.468499999995
75,Brasil,Jamaica,2017,0,0,2038.1390000000001
76,Brasil,Japão,2017,33909,92886,107416.63049999998
77,Brasil,Jordânia,2017,0,0,6112.2310000000025
78,Brasil,Letônia,2017,387,3723,1599.3724999999988
79,Brasil,Líbano,2017,0,0,4195.877500000002
80,Brasil,Libéria,2017,0,0,2448.6760000000013
81,Brasil,Luxemburgo,2017,2719,21947,
82,Brasil,Malásia,2017,0,0,22530.079500000003
83,Brasil,Malta,2017,0,0,401.9575
84,Brasil,"Marshall, Ilhas",2017,0,0,27.46600000000001
85,Brasil,Mauritânia,2017,0,0,2088.1795000000016
86,Brasil,México,2017,664,2292,83476.27999999997
87,Brasil,Moçambique,2017,0,0,
88,Brasil,Montenegro,2017,0,0,491.9870000000002
89,Brasil,Namibia,2017,0,0,1362.7314999999999
90,Brasil,Nicaragua,2017,0,0,4051.3005000000003
91,Brasil,Nigéria,2017,0,0,95685.31749999998
92,Brasil,Noruega,2017,0,0,4147.248499999999
93,Brasil,Nova Caledônia,2017,0,0,203.7935000000001
94,Brasil,Nova Zelândia,2017,1678,8140,3623.664000000001
95,Brasil,Omã,2017,0,0,3385.544500000001
96,Brasil,Países Baixos,2017,0,0,13797.597000000002
97,Brasil,Panamá,2017,0,0,2759.867499999998
98,Brasil,Paraguai,2017,2393468,4274650,4086.1234999999997
99,Brasil,Peru,2017,0,0,21167.68100000001
100,Brasil,Polônia,2017,0,0,31607.475000000013
101,Brasil,Porto Rico,2017,0,0,2724.344
102,Brasil,Portugal,2017,0,0,8539.769999999999
103,Brasil,Quênia,2017,0,0,25758.953499999992
104,Brasil,Reino Unido,2017,60711,242883,52091.778499999964
105,Brasil,República Dominicana,2017,0,0,7025.757000000004
106,Brasil,Rússia,2017,0,0,115968.57249999998
107,Brasil,São Tomé e Príncipe,2017,0,0,107.31349999999999
108,Brasil,São Vicente e Granadinas,2017,0,0,76.29049999999998
109,Brasil,Senegal,2017,0,0,7680.652999999999
110,Brasil,Serra Leoa,2017,0,0,4008.8844999999983
111,Brasil,Singapura,2017,0,0,
112,Brasil,Suazilândia,2017,0,0,
113,Brasil,Suécia,2017,15445,64953,7964.642500000002
114,Brasil,Suíça,2017,6525,74816,6935.922999999999
115,Brasil,Suriname,2017,3690,5638,391.4830000000001
116,Brasil,Tailândia,2017,0,0,56321.10749999999
117,Brasil,Taiwan (FORMOSA),2017,14988,43954,
118,Brasil,Tanzânia,2017,0,0,27438.67199999999
119,Brasil,"Tcheca, República",2017,2746,16947,8611.631500000009
120,Brasil,Togo,2017,0,0,4121.859000000001
121,Brasil,Trinidade Tobago,2017,0,0,1123.1044999999992
122,Brasil,Tunísia,2017,0,0,8412.492999999999
123,Brasil,Turquia,2017,0,0,
124,Brasil,Tuvalu,2017,0,0,6.833500000000002
125,Brasil,Uruguai,2017,0,0,2562.0805000000005
126,Brasil,Vanuatu,2017,0,0,157.98
127,Brasil,Venezuela,2017,680,2646,20284.971500000007
128,Brasil,Vietnã,2017,0,0,
1,Brasil,Afeganistão,2018,0,0,17596.52299999999
2,Brasil,África do Sul,2018,0,0,38223.030500000015
3,Brasil,"Alemanha, República Democrática",2018,10794,45382,
4,Brasil,Angola,2018,477,709,15055.312999999993
5,Brasil,Anguilla,2018,0,0,11.792999999999997
6,Brasil,Antígua e Barbuda,2018,37,191,
7,Brasil,Antilhas Holandesas,2018,0,0,
8,Brasil,Argentina,2018,15711,59150,31584.682000000008
9,Brasil,Aruba,2018,0,0,82.7645
10,Brasil,Austrália,2018,2055,6902,19420.674
11,Brasil,Áustria,2018,0,0,7305.6950000000015
12,Brasil,Bahamas,2018,141,634,295.9570000000001
13,Brasil,Bangladesh,2018,0,0,107404.39149999997
14,Brasil,Barbados,2018,0,0,218.36650000000017
15,Brasil,Barein,2018,0,0,1143.5475000000001
16,Brasil,Bélgica,2018,7497,52799,9134.977999999996
17,Brasil,Belice,2018,0,0,244.03999999999988
18,Brasil,Benin,2018,0,0,6045.582999999998
19,Brasil,Bolívia,2018,21566,57424,7192.637499999999
20,Brasil,Bósnia-Herzegovina,2018,0,0,2783.656000000001
21,Brasil,Brasil,2018,0,0,155296.46399999992
22,Brasil,Bulgária,2018,0,0,5924.7175
23,Brasil,Cabo Verde,2018,18,48,380.0750000000002
24,Brasil,Camarões,2018,0,0,12676.378499999995
25,Brasil,Canadá,2018,5308,20414,29871.894500000002
26,Brasil,Catar,2018,0,0,2329.2220000000007
27,Brasil,"Cayman, Ilhas",2018,19,203,51.94200000000002
28,Brasil,Chile,2018,11049,42832,14387.703499999998
29,Brasil,China,2018,30835,126336,1108859.879
30,Brasil,Chipre,2018,279,480,985.3819999999996
31,Brasil,Cingapura,2018,3298,11616,4936.291499999999
32,Brasil,"Cocos (Keeling), Ilhas",2018,0,0,
33,Brasil,Colômbia,2018,6944,26273,35540.27849999999
34,Brasil,Comores,2018,0,0,424.975
35,Brasil,Congo,2018,0,0,2823.4915
36,Brasil,"Coreia, Republica Sul",2018,120,109,43480.63900000001
37,Brasil,Costa do Marfim,2018,0,0,12836.3895
38,Brasil,Costa Rica,2018,0,0,3726.2780000000002
39,Brasil,Croácia,2018,0,0,3446.7459999999996
40,Brasil,Cuba,2018,4776,5584,9090.573500000002
41,Brasil,Curaçao,2018,23930,43676,142.27050000000003
42,Brasil,Dinamarca,2018,0,0,4610.345500000001
43,Brasil,Dominica,2018,0,0,52.769000000000005
44,Brasil,El Salvador,2018,0,0,4210.717500000001
45,Brasil,Emirados Arabes Unidos,2018,360,1762,7605.035500000001
46,Brasil,Equador,2018,0,0,11409.64049999999
47,Brasil,"Eslovaca, Republica",2018,0,0,4437.163
48,Brasil,Espanha,2018,6123,22631,38447.846999999994
49,Brasil,Estados Unidos,2018,169109,512519,256279.08900000007
50,Brasil,Estônia,2018,0,0,1068.8354999999997
51,Brasil,Filipinas,2018,9608,16205,67914.39450000001
52,Brasil,Finlândia,2018,0,0,4453.261999999999
53,Brasil,França,2018,11077,48677,50450.35250000001
54,Brasil,Gana,2018,9000,13502,17170.466
55,Brasil,Gibraltar,2018,0,0,25.782500000000013
56,Brasil,Granada,2018,0,0,
57,Brasil,Grécia,2018,232,730,8776.529000000004
58,Brasil,Guatemala,2018,0,0,9887.651500000005
59,Brasil,Guiana,2018,0,0,
60,Brasil,Guiana Francesa,2018,0,0,
61,Brasil,Guine Bissau,2018,0,0,992.4404999999998
62,Brasil,Guine Equatorial,2018,8389,26808,845.8220000000001
63,Brasil,Haiti,2018,79500,144425,6667.862000000003
64,Brasil,Honduras,2018,0,0,5992.81
65,Brasil,Hong Kong,2018,1742,9029,
66,Brasil,Hungria,2018,0,0,8063.014500000001
67,Brasil,Ilha de Man,2018,0,0,
68,Brasil,Ilhas Virgens,2018,0,0,
69,Brasil,India,2018,0,0,920289.6015
70,Brasil,Indonésia,2018,0,0,
71,Brasil,Irã,2018,0,0,61651.41199999997
72,Brasil,Iraque,2018,0,0,22061.115499999993
73,Brasil,Irlanda,2018,7560,25767,3641.4569999999994
74,Brasil,Itália,2018,3661,13260,50232.956
75,Brasil,Jamaica,2018,0,0,2057.721
76,Brasil,Japão,2018,36992,112342,107315.9845
77,Brasil,Jordânia,2018,0,0,6303.235499999999
78,Brasil,Letônia,2018,0,0,1581.2585000000004
79,Brasil,Líbano,2018,0,0,4040.110999999999
80,Brasil,Libéria,2018,658,3100,2503.2450000000003
81,Brasil,Luxemburgo,2018,1778,11053,
82,Brasil,Malásia,2018,15,33,22987.120499999997
83,Brasil,Malta,2018,503,1192,413.17600000000004
84,Brasil,"Marshall, Ilhas",2018,923,2436,27.180000000000007
85,Brasil,Mauritânia,2018,0,0,2152.7659999999996
86,Brasil,México,2018,2748,9744,84935.03050000002
87,Brasil,Moçambique,2018,0,0,
88,Brasil,Montenegro,2018,0,0,491.8290000000001
89,Brasil,Namibia,2018,0,0,1391.0485
90,Brasil,Nicaragua,2018,0,0,4138.450000000001
91,Brasil,Nigéria,2018,5175,6250,98324.32849999997
92,Brasil,Noruega,2018,1295,9847,4186.4555
93,Brasil,Nova Caledônia,2018,0,0,205.17249999999993
94,Brasil,Nova Zelândia,2018,969,5565,3705.8775
95,Brasil,Omã,2018,0,0,3399.844
96,Brasil,Países Baixos,2018,9451,32395,13905.607999999998
97,Brasil,Panamá,2018,1183,3117,2819.397500000001
98,Brasil,Paraguai,2018,3234168,5494321,4167.979499999999
99,Brasil,Peru,2018,5193,19372,21707.00600000002
100,Brasil,Polônia,2018,720,4679,31577.798000000003
101,Brasil,Porto Rico,2018,0,0,2710.700500000001
102,Brasil,Portugal,2018,0,0,8547.303000000002
103,Brasil,Quênia,2018,6771,31225,26523.059500000003
104,Brasil,Reino Unido,2018,67708,296827,52386.579
105,Brasil,República Dominicana,2018,0,0,7140.890000000004
106,Brasil,Rússia,2018,0,0,115814.8845
107,Brasil,São Tomé e Príncipe,2018,2184,2357,109.4680000000001
108,Brasil,São Vicente e Granadinas,2018,0,0,76.541
109,Brasil,Senegal,2018,0,0,7924.337499999997
110,Brasil,Serra Leoa,2018,0,0,4136.534500000002
111,Brasil,Singapura,2018,0,0,
112,Brasil,Suazilândia,2018,0,0,
113,Brasil,Suécia,2018,8062,34563,8034.059999999999
114,Brasil,Suíça,2018,0,0,6988.482000000002
115,Brasil,Suriname,2018,0,0,397.8334999999999
116,Brasil,Tailândia,2018,8,45,56758.447500000024
117,Brasil,Taiwan (FORMOSA),2018,7589,18421,
118,Brasil,Tanzânia,2018,0,0,28407.542499999996
119,Brasil,"Tcheca, República",2018,2712,20980,8595.482000000004
120,Brasil,Togo,2018,0,0,4237.667500000001
121,Brasil,Trinidade Tobago,2018,0,0,1147.326
122,Brasil,Tunísia,2018,0,0,8481.351999999997
123,Brasil,Turquia,2018,360,150,
124,Brasil,Tuvalu,2018,0,0,6.87
125,Brasil,Uruguai,2018,7711,29617,2576.788999999999
126,Brasil,Vanuatu,2018,0,0,161.65950000000007
127,Brasil,Venezuela,2018,71,355,19727.601499999997
128,Brasil,Vietnã,2018,0,0,
1,Brasil,Afeganistão,2019,0,0,18284.295500000007
2,Brasil,África do Sul,2019,26,95,38676.0065
3,Brasil,"Alemanha, República Democrática",2019,3660,25467,
4,Brasil,Angola,2019,345,1065,15596.041500000003
5,Brasil,Anguilla,2019,0,0,12.023500000000004
6,Brasil,Antígua e Barbuda,2019,219,1549,
7,Brasil,Antilhas Holandesas,2019,0,0,
8,Brasil,Argentina,2019,0,0,31954.661999999993
9,Brasil,Aruba,2019,0,0,83.36550000000001
10,Brasil,Austrália,2019,1161,4682,19747.818999999992
11,Brasil,Áustria,2019,0,0,7340.5855
12,Brasil,Bahamas,2019,791,3124,300.6589999999999
13,Brasil,Bangladesh,2019,0,0,109731.441
14,Brasil,Barbados,2019,36,394,219.72700000000006
15,Brasil,Barein,2019,482,2144,1145.6340000000005
16,Brasil,Bélgica,2019,2498,12548,9191.615499999994
17,Brasil,Belice,2019,9,29,251.27899999999997
18,Brasil,Benin,2019,9,9,6234.0025000000005
19,Brasil,Bolívia,2019,0,0,7344.468000000002
20,Brasil,Bósnia-Herzegovina,2019,0,0,2753.953000000001
21,Brasil,Brasil,2019,0,0,157362.97300000006
22,Brasil,Bulgária,2019,0,0,5872.821999999999
23,Brasil,Cabo Verde,2019,0,0,387.0715000000002
24,Brasil,Camarões,2019,0,0,13063.056999999999
25,Brasil,Canadá,2019,1589,6933,30317.96049999999
26,Brasil,Catar,2019,0,0,2344.7280000000014
27,Brasil,"Cayman, Ilhas",2019,19,106,53.105
28,Brasil,Chile,2019,0,0,14718.731999999998
29,Brasil,China,2019,129852,376828,1115027.3355
30,Brasil,Chipre,2019,672,1843,994.2820000000003
31,Brasil,Cingapura,2019,5044,19099,4993.409500000002
32,Brasil,"Cocos (Keeling), Ilhas",2019,0,0,
33,Brasil,Colômbia,2019,897,1999,36503.24500000001
34,Brasil,Comores,2019,0,0,436.56349999999986
35,Brasil,Congo,2019,0,0,2894.124499999998
36,Brasil,"Coreia, Republica Sul",2019,70,194,43870.82349999998
37,Brasil,Costa do Marfim,2019,0,0,13249.208500000004
38,Brasil,Costa Rica,2019,0,0,3781.138500000001
39,Brasil,Croácia,2019,0,0,3424.6844999999994
40,Brasil,Cuba,2019,0,0,9109.477499999997
41,Brasil,Curaçao,2019,33951,62067,150.23600000000005
42,Brasil,Dinamarca,2019,240,306,4642.7080000000005
43,Brasil,Dominica,2019,0,0,53.48699999999999
44,Brasil,El Salvador,2019,0,0,4255.167000000002
45,Brasil,Emirados Arabes Unidos,2019,450,2202,7673.253499999998
46,Brasil,Equador,2019,2,3,11736.630499999988
47,Brasil,"Eslovaca, Republica",2019,0,0,4437.8115
48,Brasil,Espanha,2019,3540,1353,38800.253999999986
49,Brasil,Estados Unidos,2019,209765,616274,258589.20650000006
50,Brasil,Estônia,2019,0,0,1071.259
51,Brasil,Filipinas,2019,736,2486,69491.7925
52,Brasil,Finlândia,2019,0,0,4467.935499999998
53,Brasil,França,2019,18286,67072,50652.561999999976
54,Brasil,Gana,2019,7673,10010,17616.309000000005
55,Brasil,Gibraltar,2019,23,93,25.869999999999994
56,Brasil,Granada,2019,0,0,
57,Brasil,Grécia,2019,561,1994,8738.263999999997
58,Brasil,Guatemala,2019,1597,8719,10145.618500000004
59,Brasil,Guiana,2019,424,1311,
60,Brasil,Guiana Francesa,2019,0,0,
61,Brasil,Guine Bissau,2019,0,0,1022.8649999999994
62,Brasil,Guine Equatorial,2019,0,0,873.8510000000006
63,Brasil,Haiti,2019,81873,129803,6799.0575
64,Brasil,Honduras,2019,0,0,6164.832000000001
65,Brasil,Hong Kong,2019,9651,42020,
66,Brasil,Hungria,2019,0,0,8061.449500000001
67,Brasil,Ilha de Man,2019,28,175,
68,Brasil,Ilhas Virgens,2019,0,0,
69,Brasil,India,2019,51,273,937548.9330000003
70,Brasil,Indonésia,2019,0,0,
71,Brasil,Irã,2019,0,0,62343.024999999965
72,Brasil,Iraque,2019,0,0,22768.932500000006
73,Brasil,Irlanda,2019,0,0,3701.4325000000003
74,Brasil,Itália,2019,587,1625,50224.6525
75,Brasil,Jamaica,2019,0,0,2074.1659999999997
76,Brasil,Japão,2019,40621,99642,107190.97399999996
77,Brasil,Jordânia,2019,0,0,6493.5999999999985
78,Brasil,Letônia,2019,0,0,1563.5834999999993
79,Brasil,Líbano,2019,0,0,3879.8949999999995
80,Brasil,Libéria,2019,4441,20068,2562.870499999999
81,Brasil,Luxemburgo,2019,1666,11211,
82,Brasil,Malásia,2019,48,110,23429.891499999976
83,Brasil,Malta,2019,3661,8828,424.19800000000004
84,Brasil,"Marshall, Ilhas",2019,7276,15786,26.80600000000001
85,Brasil,Mauritânia,2019,0,0,2220.290500000001
86,Brasil,México,2019,4,4,86317.87800000003
87,Brasil,Moçambique,2019,0,0,
88,Brasil,Montenegro,2019,9,46,491.7914999999999
89,Brasil,Namibia,2019,0,0,1418.4230000000005
90,Brasil,Nicaragua,2019,0,0,4225.138500000002
91,Brasil,Nigéria,2019,28437,38555,101039.60549999998
92,Brasil,Noruega,2019,628,3139,4227.618999999999
93,Brasil,Nova Caledônia,2019,0,0,206.59450000000004
94,Brasil,Nova Zelândia,2019,500,2832,3815.2595000000015
95,Brasil,Omã,2019,0,0,3348.223499999999
96,Brasil,Países Baixos,2019,44882,148031,14012.748500000002
97,Brasil,Panamá,2019,7918,29017,2878.639000000002
98,Brasil,Paraguai,2019,2419537,3826587,4247.3030000000035
99,Brasil,Peru,2019,9755,17310,22264.267999999993
100,Brasil,Polônia,2019,5,11,31538.258999999987
101,Brasil,Porto Rico,2019,0,0,2707.645999999999
102,Brasil,Portugal,2019,18328,72413,8566.566499999999
103,Brasil,Quênia,2019,0,0,27308.390999999992
104,Brasil,Reino Unido,2019,34295,164592,52667.510999999984
105,Brasil,República Dominicana,2019,0,0,7256.008999999996
106,Brasil,Rússia,2019,0,0,115677.61049999998
107,Brasil,São Tomé e Príncipe,2019,0,0,111.79050000000005
108,Brasil,São Vicente e Granadinas,2019,0,0,76.69699999999999
109,Brasil,Senegal,2019,0,0,8176.3769999999995
110,Brasil,Serra Leoa,2019,18,717,4268.4735
111,Brasil,Singapura,2019,0,0,
112,Brasil,Suazilândia,2019,0,0,
113,Brasil,Suécia,2019,28,761,8106.4940000000015
114,Brasil,Suíça,2019,2223,28503,7038.9245
115,Brasil,Suriname,2019,3206,4741,404.55099999999993
116,Brasil,Tailândia,2019,128,832,57150.393499999984
117,Brasil,Taiwan (FORMOSA),2019,12,67,
118,Brasil,Tanzânia,2019,0,0,29400.91899999999
119,Brasil,"Tcheca, República",2019,2115,16391,8579.1905
120,Brasil,Togo,2019,0,0,4357.409500000001
121,Brasil,Trinidade Tobago,2019,0,0,1162.6300000000003
122,Brasil,Tunísia,2019,0,0,8549.820000000005
123,Brasil,Turquia,2019,115,209,
124,Brasil,Tuvalu,2019,0,0,6.934500000000002
125,Brasil,Uruguai,2019,6180,18497,2590.0955000000017
126,Brasil,Vanuatu,2019,0,0,165.4894999999999
127,Brasil,Venezuela,2019,0,0,19086.558000000008
128,Brasil,Vietnã,2019,20,32,
1,Brasil,Afeganistão,2020,0,0,19076.439500000004
2,Brasil,África do Sul,2020,4,21,39094.38750000002
3,Brasil,"Alemanha, República Democrática",2020,6261,32605,
4,Brasil,Angola,2020,0,0,16132.426500000003
5,Brasil,Anguilla,2020,0,0,12.2645
6,Brasil,Antígua e Barbuda,2020,624,1864,
7,Brasil,Antilhas Holandesas,2020,0,0,
8,Brasil,Argentina,2020,1015,4176,32299.133
9,Brasil,Aruba,2020,0,0,83.84700000000002
10,Brasil,Austrália,2020,1013,3413,20025.01399999998
11,Brasil,Áustria,2020,0,0,7365.757999999999
12,Brasil,Bahamas,2020,1212,3703,304.6635
13,Brasil,Bangladesh,2020,3,29,112125.56100000009
14,Brasil,Barbados,2020,143,169,221.03149999999994
15,Brasil,Barein,2020,8,28,1128.4925
16,Brasil,Bélgica,2020,3166,20460,9237.965499999997
17,Brasil,Belice,2020,0,0,257.8529999999999
18,Brasil,Benin,2020,0,0,6425.767499999997
19,Brasil,Bolívia,2020,9900,16025,7484.390500000001
20,Brasil,Bósnia-Herzegovina,2020,45,52,2721.0209999999984
21,Brasil,Brasil,2020,0,0,159259.82450000002
22,Brasil,Bulgária,2020,0,0,5810.711500000001
23,Brasil,Cabo Verde,2020,0,0,393.58349999999996
24,Brasil,Camarões,2020,0,178,13457.358000000004
25,Brasil,Canadá,2020,1672,8431,30668.085
26,Brasil,Catar,2020,0,0,2284.9334999999996
27,Brasil,"Cayman, Ilhas",2020,123,339,54.22199999999999
28,Brasil,Chile,2020,11,13,14981.552
29,Brasil,China,2020,122253,363000,1120581.000999999
30,Brasil,Chipre,2020,2478,6785,1001.939
31,Brasil,Cingapura,2020,4049,9316,5041.645
32,Brasil,"Cocos (Keeling), Ilhas",2020,0,0,
33,Brasil,Colômbia,2020,15660,23780,37315.87749999997
34,Brasil,Comores,2020,9,25,447.7505
35,Brasil,Congo,2020,0,0,2970.2605000000017
36,Brasil,"Coreia, Republica Sul",2020,103,433,44136.39399999999
37,Brasil,Costa do Marfim,2020,0,0,13672.411000000004
38,Brasil,Costa Rica,2020,0,0,3831.975999999999
39,Brasil,Croácia,2020,21,123,3398.8750000000014
40,Brasil,Cuba,2020,0,0,9126.087999999996
41,Brasil,Curaçao,2020,47962,65986,147.67349999999996
42,Brasil,Dinamarca,2020,659,1962,4673.906000000003
43,Brasil,Dominica,2020,0,0,54.14249999999999
44,Brasil,El Salvador,2020,0,0,4300.258999999998
45,Brasil,Emirados Arabes Unidos,2020,581,2279,7725.867500000004
46,Brasil,Equador,2020,3780,3824,11991.46
47,Brasil,"Eslovaca, Republica",2020,0,0,4434.143499999999
48,Brasil,Espanha,2020,28,126,39079.8005
49,Brasil,Estados Unidos,2020,300178,610793,260590.36599999995
50,Brasil,Estônia,2020,0,0,1071.4174999999998
51,Brasil,Filipinas,2020,719,1548,71026.72900000004
52,Brasil,Finlândia,2020,0,0,4484.143999999998
53,Brasil,França,2020,12622,57144,50820.21399999997
54,Brasil,Gana,2020,18810,22027,18077.097999999987
55,Brasil,Gibraltar,2020,769,2860,25.9225
56,Brasil,Granada,2020,0,0,
57,Brasil,Grécia,2020,6859,18092,8697.1175
58,Brasil,Guatemala,2020,0,0,10414.757
59,Brasil,Guiana,2020,990,2577,
60,Brasil,Guiana Francesa,2020,0,0,
61,Brasil,Guine Bissau,2020,0,0,1053.8774999999994
62,Brasil,Guine Equatorial,2020,0,0,894.8635
63,Brasil,Haiti,2020,399128,471152,6927.107999999999
64,Brasil,Honduras,2020,0,0,6333.100999999999
65,Brasil,Hong Kong,2020,15159,41987,
66,Brasil,Hungria,2020,0,0,8042.598
67,Brasil,Ilha de Man,2020,11,121,
68,Brasil,Ilhas Virgens,2020,0,0,
69,Brasil,India,2020,7,10,954497.4645000004
70,Brasil,Indonésia,2020,5,6,
71,Brasil,Irã,2020,21,35,62941.063
72,Brasil,Iraque,2020,0,0,23480.227499999994
73,Brasil,Irlanda,2020,29,257,3753.6400000000012
74,Brasil,Itália,2020,91,376,50143.52100000001
75,Brasil,Jamaica,2020,0,0,2094.604999999999
76,Brasil,Japão,2020,36442,92674,106975.88700000005
77,Brasil,Jordânia,2020,12,52,6677.790000000003
78,Brasil,Letônia,2020,0,0,1545.798
79,Brasil,Líbano,2020,0,0,3783.180500000002
80,Brasil,Libéria,2020,5155,17624,2629.9750000000013
81,Brasil,Luxemburgo,2020,1086,5110,
82,Brasil,Malásia,2020,0,0,23861.69
83,Brasil,Malta,2020,3490,9688,434.64399999999995
84,Brasil,"Marshall, Ilhas",2020,6270,19639,26.338499999999993
85,Brasil,Mauritânia,2020,0,0,2290.2484999999997
86,Brasil,México,2020,24,226,87519.06150000001
87,Brasil,Moçambique,2020,0,0,
88,Brasil,Montenegro,2020,9,20,491.5900000000002
89,Brasil,Namibia,2020,0,0,1445.4725
90,Brasil,Nicaragua,2020,0,0,4311.289999999999
91,Brasil,Nigéria,2020,12094,26514,103880.78400000001
92,Brasil,Noruega,2020,1859,15134,4264.590999999999
93,Brasil,Nova Caledônia,2020,0,0,208.33849999999993
94,Brasil,Nova Zelândia,2020,95,515,3908.1590000000006
95,Brasil,Omã,2020,0,0,3226.2329999999997
96,Brasil,Países Baixos,2020,248,1532,14108.427500000002
97,Brasil,Panamá,2020,10821,28372,2934.1684999999998
98,Brasil,Paraguai,2020,3299013,3869243,4325.7890000000025
99,Brasil,Peru,2020,0,0,22698.846499999996
100,Brasil,Polônia,2020,74,86,31459.542999999994
101,Brasil,Porto Rico,2020,0,0,2704.045000000001
102,Brasil,Portugal,2020,7958,34518,8588.826000000001
103,Brasil,Quênia,2020,0,0,28130.748000000007
104,Brasil,Reino Unido,2020,22913,82722,52904.96050000002
105,Brasil,República Dominicana,2020,0,0,7373.434499999999
106,Brasil,Rússia,2020,1463,8550,115437.7285
107,Brasil,São Tomé e Príncipe,2020,0,0,114.72950000000006
108,Brasil,São Vicente e Granadinas,2020,0,0,76.8235
109,Brasil,Senegal,2020,0,0,8438.851500000002
110,Brasil,Serra Leoa,2020,9240,13050,4403.714500000001
111,Brasil,Singapura,2020,0,0,
112,Brasil,Suazilândia,2020,0,0,
113,Brasil,Suécia,2020,6,24,8178.450500000001
114,Brasil,Suíça,2020,2827,27930,7089.2519999999995
115,Brasil,Suriname,2020,4185,5277,411.4329999999997
116,Brasil,Tailândia,2020,534,1753,57520.95200000003
117,Brasil,Taiwan (FORMOSA),2020,963,4673,
118,Brasil,Tanzânia,2020,0,0,30437.189500000004
119,Brasil,"Tcheca, República",2020,563,4805,8558.176999999998
120,Brasil,Togo,2020,0,0,4481.651499999999
121,Brasil,Trinidade Tobago,2020,0,0,1163.4409999999996
122,Brasil,Tunísia,2020,0,0,8620.579500000002
123,Brasil,Turquia,2020,0,0,
124,Brasil,Tuvalu,2020,2,4,7.006499999999998
125,Brasil,Uruguai,2020,0,0,2604.533499999999
126,Brasil,Vanuatu,2020,18,31,169.546
127,Brasil,Venezuela,2020,4086,9808,18775.26449999999
128,Brasil,Vietnã,2020,86,584,
1,Brasil,Afeganistão,2021,11,46,19801.57600000002
2,Brasil,África do Sul,2021,0,0,39430.84600000001
3,Brasil,"Alemanha, República Democrática",2021,2698,6741,
4,Brasil,Angola,2021,0,0,16670.79750000001
5,Brasil,Anguilla,2021,0,0,12.462999999999997
6,Brasil,Antígua e Barbuda,2021,805,2268,
7,Brasil,Antilhas Holandesas,2021,0,0,
8,Brasil,Argentina,2021,6,13,32607.93450000001
9,Brasil,Aruba,2021,0,0,84.36100000000002
10,Brasil,Austrália,2021,705,4034,20254.150999999998
11,Brasil,Áustria,2021,0,0,7379.798000000001
12,Brasil,Bahamas,2021,1083,4567,308.10900000000026
13,Brasil,Bangladesh,2021,2,20,114555.2165
14,Brasil,Barbados,2021,216,844,222.23399999999998
15,Brasil,Barein,2021,302,894,1115.5429999999992
16,Brasil,Bélgica,2021,483,3749,9282.644999999999
17,Brasil,Belice,2021,0,0,263.76850000000013
18,Brasil,Benin,2021,0,0,6620.7305
19,Brasil,Bolívia,2021,5850,8360,7609.280999999998
20,Brasil,Bósnia-Herzegovina,2021,0,0,2682.8994999999986
21,Brasil,Brasil,2021,31,46,160861.363
22,Brasil,Bulgária,2021,0,0,5729.896500000002
23,Brasil,Cabo Verde,2021,16,124,399.67600000000016
24,Brasil,Camarões,2021,0,0,13859.693500000005
25,Brasil,Canadá,2021,1172,6157,30940.39399999999
26,Brasil,Catar,2021,1,2,2213.2484999999997
27,Brasil,"Cayman, Ilhas",2021,104,356,54.98099999999998
28,Brasil,Chile,2021,26,6,15179.711000000003
29,Brasil,China,2021,61884,264116,1125801.8244999992
30,Brasil,Chipre,2021,1855,4530,1007.896
31,Brasil,Cingapura,2021,0,0,5080.681500000001
32,Brasil,"Cocos (Keeling), Ilhas",2021,0,0,
33,Brasil,Colômbia,2021,12160,21867,37980.093499999995
34,Brasil,Comores,2021,0,0,458.1635000000001
35,Brasil,Congo,2021,0,0,3049.497999999999
36,Brasil,"Coreia, Republica Sul",2021,67,100,44313.055499999995
37,Brasil,Costa do Marfim,2021,0,0,14099.361500000003
38,Brasil,Costa Rica,2021,0,0,3875.5674999999997
39,Brasil,Croácia,2021,0,0,3368.7530000000006
40,Brasil,Cuba,2021,0,0,9114.641000000003
41,Brasil,Curaçao,2021,32263,58993,149.23600000000005
42,Brasil,Dinamarca,2021,87,504,4702.387999999998
43,Brasil,Dominica,2021,460,634,54.69450000000002
44,Brasil,El Salvador,2021,0,0,4346.714999999999
45,Brasil,Emirados Arabes Unidos,2021,810,10522,7765.990500000001
46,Brasil,Equador,2021,0,0,12214.1165
47,Brasil,"Eslovaca, Republica",2021,0,0,4421.3775000000005
48,Brasil,Espanha,2021,0,0,39288.76349999999
49,Brasil,Estados Unidos,2021,111085,203554,262262.7025
50,Brasil,Estônia,2021,0,0,1068.9885000000004
51,Brasil,Filipinas,2021,2784,10368,72439.47400000003
52,Brasil,Finlândia,2021,0,0,4499.619499999999
53,Brasil,França,2021,7052,23742,50963.73100000001
54,Brasil,Gana,2021,12578,19196,18542.511500000008
55,Brasil,Gibraltar,2021,0,0,25.916500000000013
56,Brasil,Granada,2021,0,0,
57,Brasil,Grécia,2021,908,3014,8651.1485
58,Brasil,Guatemala,2021,17347,29100,10678.836
59,Brasil,Guiana,2021,2372,6525,
60,Brasil,Guiana Francesa,2021,90,32,
61,Brasil,Guine Bissau,2021,0,0,1085.2904999999994
62,Brasil,Guine Equatorial,2021,0,0,912.5695
63,Brasil,Haiti,2021,670379,831181,7050.811000000003
64,Brasil,Honduras,2021,0,0,6493.948499999998
65,Brasil,Hong Kong,2021,12507,39390,
66,Brasil,Hungria,2021,87,583,8003.2760000000035
67,Brasil,Ilha de Man,2021,97,445,
68,Brasil,Ilhas Virgens,2021,0,0,
69,Brasil,India,2021,13,86,969400.0454999993
70,Brasil,Indonésia,2021,0,0,
71,Brasil,Irã,2021,116,287,63497.96600000001
72,Brasil,Iraque,2021,0,0,24181.979999999996
73,Brasil,Irlanda,2021,36,208,3797.6205
74,Brasil,Itália,2021,696,3715,50037.05649999999
75,Brasil,Jamaica,2021,0,0,2115.5395
76,Brasil,Japão,2021,39491,90275,106650.04349999996
77,Brasil,Jordânia,2021,0,0,6859.003999999997
78,Brasil,Letônia,2021,0,0,1525.5745000000002
79,Brasil,Líbano,2021,0,0,3746.0149999999994
80,Brasil,Libéria,2021,7554,23060,2701.807
81,Brasil,Luxemburgo,2021,0,0,
82,Brasil,Malásia,2021,0,0,24263.347000000005
83,Brasil,Malta,2021,3441,15454,444.7195000000001
84,Brasil,"Marshall, Ilhas",2021,8644,22561,25.8365
85,Brasil,Mauritânia,2021,9,85,2362.506000000003
86,Brasil,México,2021,9,2,88560.90050000003
87,Brasil,Moçambique,2021,0,0,
88,Brasil,Montenegro,2021,14,65,491.4410000000001
89,Brasil,Namibia,2021,0,0,1469.6919999999996
90,Brasil,Nicaragua,2021,0,0,4399.603999999997
91,Brasil,Nigéria,2021,68247,113172,106790.18950000004
92,Brasil,Noruega,2021,1878,8320,4295.170000000002
93,Brasil,Nova Caledônia,2021,7227,11924,210.25099999999998
94,Brasil,Nova Zelândia,2021,657,10477,3970.489000000002
95,Brasil,Omã,2021,0,0,3151.815500000001
96,Brasil,Países Baixos,2021,3791,8484,14193.163499999995
97,Brasil,Panamá,2021,29520,48444,2985.6415000000015
98,Brasil,Paraguai,2021,6522527,7192362,4398.460000000001
99,Brasil,Peru,2021,9720,17107,23076.378499999984
100,Brasil,Polônia,2021,4,14,31326.028499999997
101,Brasil,Porto Rico,2021,0,0,2702.7845000000007
102,Brasil,Portugal,2021,6358,42633,8599.990999999996
103,Brasil,Quênia,2021,0,0,28955.8805
104,Brasil,Reino Unido,2021,25316,122394,53112.1275
105,Brasil,República Dominicana,2021,0,0,7491.876500000004
106,Brasil,Rússia,2021,181931,312926,114924.97050000002
107,Brasil,São Tomé e Príncipe,2021,0,0,118.02850000000005
108,Brasil,São Vicente e Granadinas,2021,8,48,76.84699999999997
109,Brasil,Senegal,2021,0,0,8709.110999999999
110,Brasil,Serra Leoa,2021,6525,12955,4540.172000000004
111,Brasil,Singapura,2021,4504,14346,
112,Brasil,Suazilândia,2021,10,24,
113,Brasil,Suécia,2021,23,74,8252.493500000002
114,Brasil,Suíça,2021,627,6999,7131.302
115,Brasil,Suriname,2021,900,1472,417.50949999999983
116,Brasil,Tailândia,2021,1334,2529,57836.97149999998
117,Brasil,Taiwan (FORMOSA),2021,1313,8153,
118,Brasil,Tanzânia,2021,0,0,31509.130500000014
119,Brasil,"Tcheca, República",2021,456,5988,8527.586500000003
120,Brasil,Togo,2021,1890,2012,4609.9180000000015
121,Brasil,Trinidade Tobago,2021,0,0,1172.4264999999996
122,Brasil,Tunísia,2021,0,0,8689.1405
123,Brasil,Turquia,2021,343,878,
124,Brasil,Tuvalu,2021,0,0,7.085500000000002
125,Brasil,Uruguai,2021,136774,149842,2615.568999999999
126,Brasil,Vanuatu,2021,0,0,173.826
127,Brasil,Venezuela,2021,26415,35944,18640.28350000002
128,Brasil,Vietnã,2021,0,0,
1,Brasil,Afeganistão,2022,0,0,
2,Brasil,África do Sul,2022,0,0,
3,Brasil,"Alemanha, República Democrática",2022,7630,45367,
4,Brasil,Angola,2022,4068,4761,
5,Brasil,Anguilla,2022,0,0,
6,Brasil,Antígua e Barbuda,2022,419,1866,
7,Brasil,Antilhas Holandesas,2022,0,0,
8,Brasil,Argentina,2022,480,3232,
9,Brasil,Aruba,2022,0,0,
10,Brasil,Austrália,2022,1424,12299,
11,Brasil,Áustria,2022,6,212,
12,Brasil,Bahamas,2022,1215,5799,
13,Brasil,Bangladesh,2022,7,84,
14,Brasil,Barbados,2022,220,1145,
15,Brasil,Barein,2022,979,2789,
16,Brasil,Bélgica,2022,828,6145,
17,Brasil,Belice,2022,0,0,
18,Brasil,Benin,2022,0,0,
19,Brasil,Bolívia,2022,32530,49011,
20,Brasil,Bósnia-Herzegovina,2022,0,0,
21,Brasil,Brasil,2022,2504,952,
22,Brasil,Bulgária,2022,5,31,
23,Brasil,Cabo Verde,2022,0,0,
24,Brasil,Camarões,2022,0,0,
25,Brasil,Canadá,2022,1183,5784,
26,Brasil,Catar,2022,0,0,
27,Brasil,"Cayman, Ilhas",2022,160,958,
28,Brasil,Chile,2022,2094,7986,
29,Brasil,China,2022,105395,404647,
30,Brasil,Chipre,2022,1521,4458,
31,Brasil,Cingapura,2022,0,0,
32,Brasil,"Cocos (Keeling), Ilhas",2022,26,60,
33,Brasil,Colômbia,2022,8217,14068,
34,Brasil,Comores,2022,0,0,
35,Brasil,Congo,2022,0,0,
36,Brasil,"Coreia, Republica Sul",2022,77,257,
37,Brasil,Costa do Marfim,2022,0,0,
38,Brasil,Costa Rica,2022,0,0,
39,Brasil,Croácia,2022,34,484,
40,Brasil,Cuba,2022,16,6,
41,Brasil,Curaçao,2022,40673,66950,
42,Brasil,Dinamarca,2022,2,6,
43,Brasil,Dominica,2022,1485,2223,
44,Brasil,El Salvador,2022,0,0,
45,Brasil,Emirados Arabes Unidos,2022,4781,85465,
46,Brasil,Equador,2022,135,210,
47,Brasil,"Eslovaca, Republica",2022,0,0,
48,Brasil,Espanha,2022,0,0,
49,Brasil,Estados Unidos,2022,220373,447893,
50,Brasil,Estônia,2022,0,0,
51,Brasil,Filipinas,2022,375,790,
52,Brasil,Finlândia,2022,0,0,
53,Brasil,França,2022,5694,25008,
54,Brasil,Gana,2022,35949,49304,
55,Brasil,Gibraltar,2022,0,0,
56,Brasil,Granada,2022,5610,7914,
57,Brasil,Grécia,2022,920,2426,
58,Brasil,Guatemala,2022,1283,5350,
59,Brasil,Guiana,2022,2064,5823,
60,Brasil,Guiana Francesa,2022,22,18,
61,Brasil,Guine Bissau,2022,0,0,
62,Brasil,Guine Equatorial,2022,0,0,
63,Brasil,Haiti,2022,553503,741014,
64,Brasil,Honduras,2022,0,0,
65,Brasil,Hong Kong,2022,9371,38218,
66,Brasil,Hungria,2022,0,0,
67,Brasil,Ilha de Man,2022,165,641,
68,Brasil,Ilhas Virgens,2022,0,0,
69,Brasil,India,2022,247,1021,
70,Brasil,Indonésia,2022,0,0,
71,Brasil,Irã,2022,47,90,
72,Brasil,Iraque,2022,0,0,
73,Brasil,Irlanda,2022,0,0,
74,Brasil,Itália,2022,1129,6151,
75,Brasil,Jamaica,2022,0,0,
76,Brasil,Japão,2022,37324,82208,
77,Brasil,Jordânia,2022,0,0,
78,Brasil,Letônia,2022,0,0,
79,Brasil,Líbano,2022,0,0,
80,Brasil,Libéria,2022,9145,34815,
81,Brasil,Luxemburgo,2022,36,802,
82,Brasil,Malásia,2022,0,0,
83,Brasil,Malta,2022,3127,15587,
84,Brasil,"Marshall, Ilhas",2022,7240,27178,
85,Brasil,Mauritânia,2022,0,0,
86,Brasil,México,2022,6,33,
87,Brasil,Moçambique,2022,383,1927,
88,Brasil,Montenegro,2022,0,0,
89,Brasil,Namibia,2022,0,0,
90,Brasil,Nicaragua,2022,0,0,
91,Brasil,Nigéria,2022,32234,50283,
92,Brasil,Noruega,2022,2711,40316,
93,Brasil,Nova Caledônia,2022,0,0,
94,Brasil,Nova Zelândia,2022,63,156,
95,Brasil,Omã,2022,194,670,
96,Brasil,Países Baixos,2022,7034,37240,
97,Brasil,Panamá,2022,11490,49392,
98,Brasil,Paraguai,2022,5076670,7156293,
99,Brasil,Peru,2022,0,0,
100,Brasil,Polônia,2022,0,0,
101,Brasil,Porto Rico,2022,0,0,
102,Brasil,Portugal,2022,1918,7613,
103,Brasil,Quênia,2022,1440,2080,
104,Brasil,Reino Unido,2022,18835,138154,
105,Brasil,República Dominicana,2022,0,0,
106,Brasil,Rússia,2022,66046,118618,
107,Brasil,São Tomé e Príncipe,2022,0,0,
108,Brasil,São Vicente e Granadinas,2022,20,51,
109,Brasil,Senegal,2022,0,0,
110,Brasil,Serra Leoa,2022,8101,15182,
111,Brasil,Singapura,2022,4322,15434,
112,Brasil,Suazilândia,2022,0,0,
113,Brasil,Suécia,2022,5,18,
114,Brasil,Suíça,2022,1584,20863,
115,Brasil,Suriname,2022,1225,3360,
116,Brasil,Tailândia,2022,432,1713,
117,Brasil,Taiwan (FORMOSA),2022,25,277,
118,Brasil,Tanzânia,2022,0,0,
119,Brasil,"Tcheca, República",2022,1305,9997,
120,Brasil,Togo,2022,17317,25608,
121,Brasil,Trinidade Tobago,2022,0,0,
122,Brasil,Tunísia,2022,0,0,
123,Brasil,Turquia,2022,418,503,
124,Brasil,Tuvalu,2022,0,0,
125,Brasil,Uruguai,2022,637117,997367,
126,Brasil,Vanuatu,2022,0,0,
127,Brasil,Venezuela,2022,23220,32351,
128,Brasil,Vietnã,2022,130,277,
